"jahr";"kt";"Partei";"Wert"
1971;"AG";"3";23,903991
1975;"AG";"3";24,229005
1979;"AG";"3";27,649161
1983;"AG";"3";27,470387
1987;"AG";"3";18,454636
1991;"AG";"3";17,38689
1995;"AG";"3";19,441253
1999;"AG";"3";18,74622
2003;"AG";"3";21,238709
2007;"AG";"3";17,853416
2011;"AG";"3";18,000984
1971;"AI";"3";0
1975;"AI";"3";0
1979;"AI";"3";0
1983;"AI";"3";0
1987;"AI";"3";0
1991;"AI";"3";0
1995;"AI";"3";0
1999;"AI";"3";0
2003;"AI";"3";0
2007;"AI";"3";0
2011;"AI";"3";20,301309
1971;"AR";"3";37,425619
1975;"AR";"3";40,09828
1979;"AR";"3";0
1983;"AR";"3";23,595209
1987;"AR";"3";0
1991;"AR";"3";0
1995;"AR";"3";21,910903
1999;"AR";"3";29,645143
2003;"AR";"3";19,885321
2007;"AR";"3";0
2011;"AR";"3";0
1971;"BE";"3";32,513328
1975;"BE";"3";32,53014
1979;"BE";"3";30,69862
1983;"BE";"3";28,366036
1987;"BE";"3";22,371134
1991;"BE";"3";20,0763
1995;"BE";"3";24,705213
1999;"BE";"3";27,586169
2003;"BE";"3";27,944085
2007;"BE";"3";21,173199
2011;"BE";"3";19,322826
1971;"BL";"3";27,418789
1975;"BL";"3";29,506377
1979;"BL";"3";30,653036
1983;"BL";"3";32,007532
1987;"BL";"3";22,375271
1991;"BL";"3";23,727956
1995;"BL";"3";25,327425
1999;"BL";"3";23,346453
2003;"BL";"3";24,664883
2007;"BL";"3";25,190899
2011;"BL";"3";24,44304
1971;"BS";"3";30,420773
1975;"BS";"3";33,345184
1979;"BS";"3";33,341785
1983;"BS";"3";30,950666
1987;"BS";"3";25,94005
1991;"BS";"3";25,29511
1995;"BS";"3";35,520606
1999;"BS";"3";33,25938
2003;"BS";"3";40,91816
2007;"BS";"3";35,155783
2011;"BS";"3";29,181647
1971;"FR";"3";19,931215
1975;"FR";"3";25,774433
1979;"FR";"3";30,747692
1983;"FR";"3";23,986973
1987;"FR";"3";22,179713
1991;"FR";"3";18,612305
1995;"FR";"3";17,298084
1999;"FR";"3";20,265388
2003;"FR";"3";21,487026
2007;"FR";"3";22,734803
2011;"FR";"3";26,698962
1971;"GE";"3";19,088694
1975;"GE";"3";23,332501
1979;"GE";"3";21,471807
1983;"GE";"3";19,220576
1987;"GE";"3";18,573863
1991;"GE";"3";26,407645
1995;"GE";"3";30,118949
1999;"GE";"3";19,931598
2003;"GE";"3";24,633033
2007;"GE";"3";18,906267
2011;"GE";"3";19,090592
1971;"GL";"3";57,198385
1975;"GL";"3";64,715077
1979;"GL";"3";0
1983;"GL";"3";0
1987;"GL";"3";0
1991;"GL";"3";53,692458
1995;"GL";"3";83,902257
1999;"GL";"3";85,674111
2003;"GL";"3";67,118704
2007;"GL";"3";55,54549
2011;"GL";"3";24,558411
1971;"GR";"3";13,906141
1975;"GR";"3";15,220085
1979;"GR";"3";20,509824
1983;"GR";"3";24,638608
1987;"GR";"3";19,554309
1991;"GR";"3";21,248179
1995;"GR";"3";21,600845
1999;"GR";"3";26,611455
2003;"GR";"3";24,881874
2007;"GR";"3";23,685293
2011;"GR";"3";15,594578
1971;"JU";"3";15,171836
1975;"JU";"3";15,868971
1979;"JU";"3";0,004191
1983;"JU";"3";17,8114
1987;"JU";"3";25,439893
1991;"JU";"3";28,818691
1995;"JU";"3";32,304589
1999;"JU";"3";34,125225
2003;"JU";"3";34,155071
2007;"JU";"3";36,879696
2011;"JU";"3";30,798771
1971;"LU";"3";12,439674
1975;"LU";"3";13,43409
1979;"LU";"3";12,533684
1983;"LU";"3";11,752101
1987;"LU";"3";9,01531
1991;"LU";"3";11,037654
1995;"LU";"3";11,679084
1999;"LU";"3";9,934757
2003;"LU";"3";11,067838
2007;"LU";"3";11,408218
2011;"LU";"3";11,410803
1971;"NE";"3";30,571302
1975;"NE";"3";38,858158
1979;"NE";"3";37,42596
1983;"NE";"3";33,136351
1987;"NE";"3";30,854896
1991;"NE";"3";29,803468
1995;"NE";"3";28,169102
1999;"NE";"3";27,975728
2003;"NE";"3";29,246532
2007;"NE";"3";25,921685
2011;"NE";"3";24,725251
1971;"NW";"3";0
1975;"NW";"3";0
1979;"NW";"3";10,569939
1983;"NW";"3";0
1987;"NW";"3";0
1991;"NW";"3";0
1995;"NW";"3";0
1999;"NW";"3";0
2003;"NW";"3";0
2007;"NW";"3";0
2011;"NW";"3";0
1971;"OW";"3";0
1975;"OW";"3";0
1979;"OW";"3";0
1983;"OW";"3";0
1987;"OW";"3";0
1991;"OW";"3";0
1995;"OW";"3";0
1999;"OW";"3";0
2003;"OW";"3";0
2007;"OW";"3";11,57404
2011;"OW";"3";0
1971;"SG";"3";14,61375
1975;"SG";"3";15,110491
1979;"SG";"3";17,964008
1983;"SG";"3";16,291009
1987;"SG";"3";11,404378
1991;"SG";"3";13,081633
1995;"SG";"3";16,195056
1999;"SG";"3";17,068165
2003;"SG";"3";18,38492
2007;"SG";"3";14,734488
2011;"SG";"3";16,65346
1971;"SH";"3";40,181678
1975;"SH";"3";37,177542
1979;"SH";"3";35,296602
1983;"SH";"3";35,316464
1987;"SH";"3";39,182007
1991;"SH";"3";34,130678
1995;"SH";"3";37,803457
1999;"SH";"3";33,580142
2003;"SH";"3";39,680522
2007;"SH";"3";34,216552
2011;"SH";"3";34,541686
1971;"SO";"3";26,296758
1975;"SO";"3";31,363782
1979;"SO";"3";28,421597
1983;"SO";"3";27,775904
1987;"SO";"3";22,278365
1991;"SO";"3";19,803312
1995;"SO";"3";24,234037
1999;"SO";"3";27,195191
2003;"SO";"3";25,367359
2007;"SO";"3";19,456949
2011;"SO";"3";18,302264
1971;"SZ";"3";28,977749
1975;"SZ";"3";29,336434
1979;"SZ";"3";22,600955
1983;"SZ";"3";21,000673
1987;"SZ";"3";14,287257
1991;"SZ";"3";19,366362
1995;"SZ";"3";19,899746
1999;"SZ";"3";16,371695
2003;"SZ";"3";17,558887
2007;"SZ";"3";13,923647
2011;"SZ";"3";15,65867
1971;"TG";"3";20,685695
1975;"TG";"3";21,577902
1979;"TG";"3";22,421964
1983;"TG";"3";19,513352
1987;"TG";"3";13,450383
1991;"TG";"3";15,148828
1995;"TG";"3";18,114344
1999;"TG";"3";16,076641
2003;"TG";"3";14,090681
2007;"TG";"3";11,672384
2011;"TG";"3";12,057458
1971;"TI";"3";13,130327
1975;"TI";"3";13,905737
1979;"TI";"3";15,243655
1983;"TI";"3";13,788409
1987;"TI";"3";9,274935
1991;"TI";"3";6,73208
1995;"TI";"3";17,063007
1999;"TI";"3";18,762116
2003;"TI";"3";25,830959
2007;"TI";"3";18,111633
2011;"TI";"3";16,605693
1971;"UR";"3";0
1975;"UR";"3";0
1979;"UR";"3";23,023154
1983;"UR";"3";0
1987;"UR";"3";0
1991;"UR";"3";0
1995;"UR";"3";0
1999;"UR";"3";0
2003;"UR";"3";0
2007;"UR";"3";0
2011;"UR";"3";21,432132
1971;"VD";"3";25,01792
1975;"VD";"3";27,592908
1979;"VD";"3";24,909595
1983;"VD";"3";21,868412
1987;"VD";"3";22,55439
1991;"VD";"3";22,925367
1995;"VD";"3";22,704126
1999;"VD";"3";22,387247
2003;"VD";"3";21,734812
2007;"VD";"3";21,997286
2011;"VD";"3";25,224929
1971;"VS";"3";15,437721
1975;"VS";"3";17,440059
1979;"VS";"3";11,568344
1983;"VS";"3";14,132769
1987;"VS";"3";14,525697
1991;"VS";"3";14,473167
1995;"VS";"3";16,612315
1999;"VS";"3";16,87704
2003;"VS";"3";19,083915
2007;"VS";"3";14,69574
2011;"VS";"3";14,616969
1971;"ZG";"3";0
1975;"ZG";"3";35,659931
1979;"ZG";"3";30,89285
1983;"ZG";"3";22,752119
1987;"ZG";"3";22,55838
1991;"ZG";"3";16,074631
1995;"ZG";"3";16,98319
1999;"ZG";"3";23,275175
2003;"ZG";"3";13,438964
2007;"ZG";"3";9,076211
2011;"ZG";"3";5,270031
1971;"ZH";"3";20,872989
1975;"ZH";"3";23,937024
1979;"ZH";"3";26,471614
1983;"ZH";"3";23,003869
1987;"ZH";"3";17,434522
1991;"ZH";"3";18,786314
1995;"ZH";"3";23,069259
1999;"ZH";"3";25,624458
2003;"ZH";"3";25,656347
2007;"ZH";"3";19,807326
2011;"ZH";"3";19,270225
1971;"AG";"4";12,45648
1975;"AG";"4";12,772413
1979;"AG";"4";13,888934
1983;"AG";"4";14,147444
1987;"AG";"4";15,659376
1991;"AG";"4";17,859492
1995;"AG";"4";19,811966
1999;"AG";"4";31,77132
2003;"AG";"4";34,565504
2007;"AG";"4";36,201343
2011;"AG";"4";34,857341
1971;"AI";"4";0
1975;"AI";"4";0
1979;"AI";"4";0
1983;"AI";"4";0
1987;"AI";"4";0
1991;"AI";"4";0
1995;"AI";"4";0
1999;"AI";"4";26,736402
2003;"AI";"4";0
2007;"AI";"4";0
2011;"AI";"4";0
1971;"AR";"4";0
1975;"AR";"4";0
1979;"AR";"4";0
1983;"AR";"4";0
1987;"AR";"4";0
1991;"AR";"4";0
1995;"AR";"4";22,004689
1999;"AR";"4";37,53345
2003;"AR";"4";38,302752
2007;"AR";"4";0
2011;"AR";"4";30,504192
1971;"BE";"4";31,196583
1975;"BE";"4";29,222418
1979;"BE";"4";31,863269
1983;"BE";"4";29,236917
1987;"BE";"4";28,07457
1991;"BE";"4";26,580504
1995;"BE";"4";26,042786
1999;"BE";"4";28,584054
2003;"BE";"4";29,647899
2007;"BE";"4";33,613346
2011;"BE";"4";29,009412
1971;"BL";"4";11,468505
1975;"BL";"4";10,261661
1979;"BL";"4";10,101904
1983;"BL";"4";10,949547
1987;"BL";"4";11,599252
1991;"BL";"4";12,082423
1995;"BL";"4";10,829005
1999;"BL";"4";18,0218
2003;"BL";"4";26,499745
2007;"BL";"4";28,544476
2011;"BL";"4";26,948514
1971;"BS";"4";0
1975;"BS";"4";0
1979;"BS";"4";0
1983;"BS";"4";0
1987;"BS";"4";0
1991;"BS";"4";1,987838
1995;"BS";"4";0
1999;"BS";"4";13,556999
2003;"BS";"4";18,628057
2007;"BS";"4";18,461486
2011;"BS";"4";16,545891
1971;"FR";"4";8,541689
1975;"FR";"4";4,235435
1979;"FR";"4";6,420146
1983;"FR";"4";8,849502
1987;"FR";"4";8,864838
1991;"FR";"4";9,692761
1995;"FR";"4";8,345311
1999;"FR";"4";11,417031
2003;"FR";"4";21,402179
2007;"FR";"4";22,041662
2011;"FR";"4";21,454895
1971;"GE";"4";0
1975;"GE";"4";0
1979;"GE";"4";0
1983;"GE";"4";0
1987;"GE";"4";0
1991;"GE";"4";1,110274
1995;"GE";"4";0
1999;"GE";"4";7,520031
2003;"GE";"4";18,662307
2007;"GE";"4";21,235151
2011;"GE";"4";16,073337
1971;"GL";"4";0
1975;"GL";"4";0
1979;"GL";"4";81,796085
1983;"GL";"4";92,31473
1987;"GL";"4";85,615578
1991;"GL";"4";42,791381
1995;"GL";"4";0
1999;"GL";"4";0
2003;"GL";"4";0
2007;"GL";"4";35,097709
2011;"GL";"4";0
1971;"GR";"4";34,031154
1975;"GR";"4";26,942308
1979;"GR";"4";21,105206
1983;"GR";"4";21,983479
1987;"GR";"4";19,964874
1991;"GR";"4";19,473266
1995;"GR";"4";26,945987
1999;"GR";"4";26,956695
2003;"GR";"4";33,770762
2007;"GR";"4";34,707885
2011;"GR";"4";24,468424
1971;"JU";"4";9,10996
1975;"JU";"4";6,580988
1979;"JU";"4";0,004191
1983;"JU";"4";2,070193
1987;"JU";"4";0,004477
1991;"JU";"4";0,005046
1995;"JU";"4";0,005043
1999;"JU";"4";7,235249
2003;"JU";"4";8,290457
2007;"JU";"4";13,69539
2011;"JU";"4";15,473932
1971;"LU";"4";0
1975;"LU";"4";0
1979;"LU";"4";0
1983;"LU";"4";0
1987;"LU";"4";0
1991;"LU";"4";0
1995;"LU";"4";14,137169
1999;"LU";"4";22,822637
2003;"LU";"4";22,98163
2007;"LU";"4";25,325037
2011;"LU";"4";25,14832
1971;"NE";"4";0
1975;"NE";"4";0
1979;"NE";"4";0
1983;"NE";"4";0
1987;"NE";"4";0
1991;"NE";"4";0
1995;"NE";"4";0
1999;"NE";"4";0
2003;"NE";"4";22,479326
2007;"NE";"4";23,181033
2011;"NE";"4";21,395682
1971;"NW";"4";0
1975;"NW";"4";0
1979;"NW";"4";0
1983;"NW";"4";0
1987;"NW";"4";0
1991;"NW";"4";0
1995;"NW";"4";0
1999;"NW";"4";0
2003;"NW";"4";0
2007;"NW";"4";0
2011;"NW";"4";45,230079
1971;"OW";"4";0
1975;"OW";"4";0
1979;"OW";"4";0
1983;"OW";"4";0
1987;"OW";"4";0
1991;"OW";"4";0
1995;"OW";"4";0
1999;"OW";"4";0
2003;"OW";"4";33,582244
2007;"OW";"4";32,944861
2011;"OW";"4";43,102015
1971;"SG";"4";0
1975;"SG";"4";0
1979;"SG";"4";0
1983;"SG";"4";1,889532
1987;"SG";"4";0
1991;"SG";"4";0
1995;"SG";"4";8,447603
1999;"SG";"4";27,611782
2003;"SG";"4";33,080867
2007;"SG";"4";35,807535
2011;"SG";"4";31,596225
1971;"SH";"4";0
1975;"SH";"4";0
1979;"SH";"4";21,103242
1983;"SH";"4";22,632802
1987;"SH";"4";23,486518
1991;"SH";"4";19,185902
1995;"SH";"4";20,370309
1999;"SH";"4";25,999577
2003;"SH";"4";28,509103
2007;"SH";"4";39,097154
2011;"SH";"4";39,84168
1971;"SO";"4";0
1975;"SO";"4";0
1979;"SO";"4";0
1983;"SO";"4";0
1987;"SO";"4";0
1991;"SO";"4";0
1995;"SO";"4";6,698051
1999;"SO";"4";18,57365
2003;"SO";"4";22,4632
2007;"SO";"4";27,097773
2011;"SO";"4";24,331873
1971;"SZ";"4";0
1975;"SZ";"4";3,029869
1979;"SZ";"4";0
1983;"SZ";"4";6,487922
1987;"SZ";"4";7,588193
1991;"SZ";"4";9,184082
1995;"SZ";"4";21,473591
1999;"SZ";"4";35,860674
2003;"SZ";"4";43,644588
2007;"SZ";"4";44,950204
2011;"SZ";"4";37,977694
1971;"TG";"4";25,973653
1975;"TG";"4";25,071651
1979;"TG";"4";26,416794
1983;"TG";"4";22,787041
1987;"TG";"4";21,664515
1991;"TG";"4";23,668935
1995;"TG";"4";26,968713
1999;"TG";"4";33,220973
2003;"TG";"4";41,032982
2007;"TG";"4";42,33705
2011;"TG";"4";38,860305
1971;"TI";"4";2,443881
1975;"TI";"4";0
1979;"TI";"4";2,301345
1983;"TI";"4";2,083577
1987;"TI";"4";1,25154
1991;"TI";"4";0,961251
1995;"TI";"4";1,475131
1999;"TI";"4";5,294048
2003;"TI";"4";7,579201
2007;"TI";"4";8,75326
2011;"TI";"4";9,708218
1971;"UR";"4";0
1975;"UR";"4";0
1979;"UR";"4";0
1983;"UR";"4";0
1987;"UR";"4";0
1991;"UR";"4";0
1995;"UR";"4";0
1999;"UR";"4";0
2003;"UR";"4";31,275416
2007;"UR";"4";0
2011;"UR";"4";0
1971;"VD";"4";7,735292
1975;"VD";"4";8,053037
1979;"VD";"4";6,810963
1983;"VD";"4";6,171192
1987;"VD";"4";6,231218
1991;"VD";"4";7,347894
1995;"VD";"4";7,757994
1999;"VD";"4";10,718943
2003;"VD";"4";20,491117
2007;"VD";"4";22,511951
2011;"VD";"4";22,9939
1971;"VS";"4";0
1975;"VS";"4";0
1979;"VS";"4";0
1983;"VS";"4";0
1987;"VS";"4";0
1991;"VS";"4";0
1995;"VS";"4";0
1999;"VS";"4";8,977149
2003;"VS";"4";13,367346
2007;"VS";"4";16,575592
2011;"VS";"4";19,669871
1971;"ZG";"4";0
1975;"ZG";"4";0
1979;"ZG";"4";0
1983;"ZG";"4";0
1987;"ZG";"4";0
1991;"ZG";"4";0
1995;"ZG";"4";15,155504
1999;"ZG";"4";21,433
2003;"ZG";"4";27,704852
2007;"ZG";"4";29,093494
2011;"ZG";"4";28,314256
1971;"ZH";"4";12,153333
1975;"ZH";"4";11,346665
1979;"ZH";"4";14,455224
1983;"ZH";"4";13,846975
1987;"ZH";"4";15,214122
1991;"ZH";"4";20,170605
1995;"ZH";"4";25,468035
1999;"ZH";"4";32,48661
2003;"ZH";"4";33,397094
2007;"ZH";"4";33,925088
2011;"ZH";"4";29,845232
1971;"AG";"1";15,902571
1975;"AG";"1";17,663369
1979;"AG";"1";20,544015
1983;"AG";"1";20,22366
1987;"AG";"1";20,266772
1991;"AG";"1";16,398787
1995;"AG";"1";15,81377
1999;"AG";"1";17,181228
2003;"AG";"1";15,33476
2007;"AG";"1";13,599605
2011;"AG";"1";11,454385
1971;"AI";"1";0
1975;"AI";"1";0
1979;"AI";"1";0
1983;"AI";"1";0
1987;"AI";"1";0
1991;"AI";"1";0
1995;"AI";"1";0
1999;"AI";"1";0
2003;"AI";"1";0
2007;"AI";"1";0
2011;"AI";"1";0
1971;"AR";"1";0
1975;"AR";"1";0
1979;"AR";"1";0
1983;"AR";"1";0
1987;"AR";"1";0
1991;"AR";"1";0
1995;"AR";"1";0
1999;"AR";"1";0
2003;"AR";"1";0
2007;"AR";"1";71,977056
2011;"AR";"1";0
1971;"BE";"1";16,353073
1975;"BE";"1";16,883445
1979;"BE";"1";17,889514
1983;"BE";"1";15,060382
1987;"BE";"1";16,086598
1991;"BE";"1";13,618612
1995;"BE";"1";15,958551
1999;"BE";"1";17,174845
2003;"BE";"1";14,798483
2007;"BE";"1";15,1117
2011;"BE";"1";8,655301
1971;"BL";"1";23,05029
1975;"BL";"1";24,160623
1979;"BL";"1";26,594908
1983;"BL";"1";24,908948
1987;"BL";"1";21,794165
1991;"BL";"1";24,349992
1995;"BL";"1";0
1999;"BL";"1";0
2003;"BL";"1";0
2007;"BL";"1";17,023533
2011;"BL";"1";0
1971;"BS";"1";24,435743
1975;"BS";"1";22,948144
1979;"BS";"1";25,339104
1983;"BS";"1";21,829645
1987;"BS";"1";23,452718
1991;"BS";"1";29,102151
1995;"BS";"1";27,02439
1999;"BS";"1";22,819264
2003;"BS";"1";18,370266
2007;"BS";"1";20,49871
2011;"BS";"1";19,248896
1971;"FR";"1";24,724315
1975;"FR";"1";22,129133
1979;"FR";"1";22,963672
1983;"FR";"1";20,002192
1987;"FR";"1";16,674218
1991;"FR";"1";16,154076
1995;"FR";"1";15,894935
1999;"FR";"1";14,780921
2003;"FR";"1";12,765492
2007;"FR";"1";13,833597
2011;"FR";"1";12,814065
1971;"GE";"1";33,255402
1975;"GE";"1";31,393929
1979;"GE";"1";36,019452
1983;"GE";"1";35,310204
1987;"GE";"1";36,10062
1991;"GE";"1";34,972978
1995;"GE";"1";31,278415
1999;"GE";"1";31,235778
2003;"GE";"1";24,012453
2007;"GE";"1";22,49361
2011;"GE";"1";0
1971;"GL";"1";42,360592
1975;"GL";"1";0
1979;"GL";"1";0
1983;"GL";"1";0
1987;"GL";"1";0
1991;"GL";"1";0
1995;"GL";"1";0
1999;"GL";"1";0
2003;"GL";"1";0
2007;"GL";"1";0
2011;"GL";"1";0
1971;"GR";"1";14,789166
1975;"GR";"1";18,155983
1979;"GR";"1";22,878123
1983;"GR";"1";20,080637
1987;"GR";"1";18,254185
1991;"GR";"1";18,078061
1995;"GR";"1";16,49846
1999;"GR";"1";15,100778
2003;"GR";"1";15,78665
2007;"GR";"1";19,15395
2011;"GR";"1";11,904961
1971;"JU";"1";28,785339
1975;"JU";"1";25,651821
1979;"JU";"1";30,865957
1983;"JU";"1";28,68475
1987;"JU";"1";33,369152
1991;"JU";"1";35,080991
1995;"JU";"1";29,445285
1999;"JU";"1";19,494976
2003;"JU";"1";16,316943
2007;"JU";"1";13,361469
2011;"JU";"1";9,528327
1971;"LU";"1";30,02071
1975;"LU";"1";29,080864
1979;"LU";"1";31,705554
1983;"LU";"1";28,611123
1987;"LU";"1";29,796023
1991;"LU";"1";27,858671
1995;"LU";"1";25,499668
1999;"LU";"1";22,645081
2003;"LU";"1";23,10636
2007;"LU";"1";21,84544
2011;"LU";"1";18,404097
1971;"NE";"1";40,274579
1975;"NE";"1";44,493164
1979;"NE";"1";46,990859
1983;"NE";"1";50,365139
1987;"NE";"1";50,419336
1991;"NE";"1";49,564577
1995;"NE";"1";50,849579
1999;"NE";"1";44,537428
2003;"NE";"1";29,242695
2007;"NE";"1";25,908545
2011;"NE";"1";26,823335
1971;"NW";"1";0
1975;"NW";"1";0
1979;"NW";"1";0
1983;"NW";"1";0
1987;"NW";"1";0
1991;"NW";"1";0
1995;"NW";"1";0
1999;"NW";"1";0
2003;"NW";"1";0
2007;"NW";"1";0
2011;"NW";"1";0
1971;"OW";"1";0
1975;"OW";"1";0
1979;"OW";"1";0
1983;"OW";"1";0
1987;"OW";"1";0
1991;"OW";"1";0
1995;"OW";"1";0
1999;"OW";"1";0
2003;"OW";"1";0
2007;"OW";"1";0
2011;"OW";"1";0
1971;"SG";"1";23,595471
1975;"SG";"1";25,109555
1979;"SG";"1";27,607671
1983;"SG";"1";27,497049
1987;"SG";"1";24,018557
1991;"SG";"1";20,014328
1995;"SG";"1";17,023788
1999;"SG";"1";16,849835
2003;"SG";"1";14,657065
2007;"SG";"1";13,635969
2011;"SG";"1";12,267061
1971;"SH";"1";33,094962
1975;"SH";"1";40,060698
1979;"SH";"1";32,242869
1983;"SH";"1";26,18046
1987;"SH";"1";34,304511
1991;"SH";"1";28,549268
1995;"SH";"1";31,849212
1999;"SH";"1";40,420281
2003;"SH";"1";29,130883
2007;"SH";"1";26,686294
2011;"SH";"1";12,291907
1971;"SO";"1";34,298831
1975;"SO";"1";38,691035
1979;"SO";"1";39,008083
1983;"SO";"1";37,219037
1987;"SO";"1";36,31872
1991;"SO";"1";32,773808
1995;"SO";"1";25,451042
1999;"SO";"1";25,375842
2003;"SO";"1";23,967346
2007;"SO";"1";20,957485
2011;"SO";"1";18,412388
1971;"SZ";"1";20,393818
1975;"SZ";"1";21,269898
1979;"SZ";"1";28,028658
1983;"SZ";"1";25,955426
1987;"SZ";"1";24,25126
1991;"SZ";"1";25,899713
1995;"SZ";"1";24,002064
1999;"SZ";"1";19,114191
2003;"SZ";"1";0
2007;"SZ";"1";16,726251
2011;"SZ";"1";0
1971;"TG";"1";16,867083
1975;"TG";"1";14,421606
1979;"TG";"1";16,903615
1983;"TG";"1";18,303511
1987;"TG";"1";18,505896
1991;"TG";"1";16,538747
1995;"TG";"1";15,302018
1999;"TG";"1";14,678322
2003;"TG";"1";11,877841
2007;"TG";"1";12,098342
2011;"TG";"1";0
1971;"TI";"1";38,002473
1975;"TI";"1";39,099553
1979;"TI";"1";36,267945
1983;"TI";"1";37,891535
1987;"TI";"1";34,825956
1991;"TI";"1";29,423749
1995;"TI";"1";30,474986
1999;"TI";"1";27,680494
2003;"TI";"1";29,803558
2007;"TI";"1";28,116849
2011;"TI";"1";24,843401
1971;"UR";"1";0
1975;"UR";"1";0
1979;"UR";"1";0
1983;"UR";"1";0
1987;"UR";"1";0
1991;"UR";"1";0
1995;"UR";"1";0
1999;"UR";"1";0
2003;"UR";"1";0
2007;"UR";"1";87,259059
2011;"UR";"1";0
1971;"VD";"1";38,486084
1975;"VD";"1";39,287331
1979;"VD";"1";43,817694
1983;"VD";"1";47,327738
1987;"VD";"1";45,008884
1991;"VD";"1";44,03003
1995;"VD";"1";38,175079
1999;"VD";"1";37,677949
2003;"VD";"1";29,53647
2007;"VD";"1";22,628456
2011;"VD";"1";22,117316
1971;"VS";"1";19,295262
1975;"VS";"1";18,874827
1979;"VS";"1";23,475889
1983;"VS";"1";25,160002
1987;"VS";"1";24,583911
1991;"VS";"1";29,861118
1995;"VS";"1";26,406351
1999;"VS";"1";20,662677
2003;"VS";"1";17,105654
2007;"VS";"1";16,977912
2011;"VS";"1";18,832645
1971;"ZG";"1";0
1975;"ZG";"1";0
1979;"ZG";"1";0
1983;"ZG";"1";0
1987;"ZG";"1";0
1991;"ZG";"1";0
1995;"ZG";"1";0
1999;"ZG";"1";0
2003;"ZG";"1";0
2007;"ZG";"1";21,508613
2011;"ZG";"1";0
1971;"ZH";"1";16,764695
1975;"ZH";"1";18,459036
1979;"ZH";"1";22,386029
1983;"ZH";"1";21,791257
1987;"ZH";"1";20,327364
1991;"ZH";"1";18,664454
1995;"ZH";"1";18,572121
1999;"ZH";"1";17,973263
2003;"ZH";"1";16,247175
2007;"ZH";"1";13,158513
2011;"ZH";"1";11,645237
1971;"AG";"2";19,986491
1975;"AG";"2";20,653078
1979;"AG";"2";22,490203
1983;"AG";"2";21,486908
1987;"AG";"2";18,900268
1991;"AG";"2";14,455471
1995;"AG";"2";14,179394
1999;"AG";"2";16,326222
2003;"AG";"2";15,595199
2007;"AG";"2";13,511705
2011;"AG";"2";10,608756
1971;"AI";"2";96,140503
1975;"AI";"2";98,31336
1979;"AI";"2";97,209057
1983;"AI";"2";95,613603
1987;"AI";"2";91,662095
1991;"AI";"2";98,960044
1995;"AI";"2";85,406091
1999;"AI";"2";72,594142
2003;"AI";"2";69,161677
2007;"AI";"2";84,441162
2011;"AI";"2";76,142257
1971;"AR";"2";0
1975;"AR";"2";14,086814
1979;"AR";"2";0
1983;"AR";"2";14,523516
1987;"AR";"2";0
1991;"AR";"2";16,721102
1995;"AR";"2";9,536928
1999;"AR";"2";0
2003;"AR";"2";0
2007;"AR";"2";0
2011;"AR";"2";10,566211
1971;"BE";"2";2,358534
1975;"BE";"2";2,28338
1979;"BE";"2";1,93192
1983;"BE";"2";1,841264
1987;"BE";"2";1,822337
1991;"BE";"2";2,043163
1995;"BE";"2";1,842763
1999;"BE";"2";2,410498
2003;"BE";"2";2,339081
2007;"BE";"2";4,745739
2011;"BE";"2";2,06313
1971;"BL";"2";15,067969
1975;"BL";"2";14,939977
1979;"BL";"2";13,619385
1983;"BL";"2";11,727436
1987;"BL";"2";13,879286
1991;"BL";"2";13,225265
1995;"BL";"2";11,720955
1999;"BL";"2";11,969117
2003;"BL";"2";10,036952
2007;"BL";"2";11,404841
2011;"BL";"2";8,245491
1971;"BS";"2";11,24469
1975;"BS";"2";12,084094
1979;"BS";"2";13,937232
1983;"BS";"2";9,895508
1987;"BS";"2";9,97681
1991;"BS";"2";10,370143
1995;"BS";"2";9,698907
1999;"BS";"2";8,587662
2003;"BS";"2";6,594862
2007;"BS";"2";7,371264
2011;"BS";"2";6,551666
1971;"FR";"2";41,472868
1975;"FR";"2";46,881953
1979;"FR";"2";39,86849
1983;"FR";"2";37,929793
1987;"FR";"2";37,655844
1991;"FR";"2";36,845089
1995;"FR";"2";35,96167
1999;"FR";"2";33,730415
2003;"FR";"2";25,392763
2007;"FR";"2";24,781338
2011;"FR";"2";20,272807
1971;"GE";"2";13,758183
1975;"GE";"2";14,817435
1979;"GE";"2";14,011401
1983;"GE";"2";12,294904
1987;"GE";"2";14,595405
1991;"GE";"2";14,508937
1995;"GE";"2";13,244503
1999;"GE";"2";14,045757
2003;"GE";"2";11,750264
2007;"GE";"2";9,685728
2011;"GE";"2";9,528898
1971;"GL";"2";0
1975;"GL";"2";0
1979;"GL";"2";0
1983;"GL";"2";0
1987;"GL";"2";0
1991;"GL";"2";0
1995;"GL";"2";0
1999;"GL";"2";0
2003;"GL";"2";0
2007;"GL";"2";0
2011;"GL";"2";0
1971;"GR";"2";37,273539
1975;"GR";"2";35,903846
1979;"GR";"2";35,506847
1983;"GR";"2";33,297276
1987;"GR";"2";28,490945
1991;"GR";"2";25,56625
1995;"GR";"2";26,936996
1999;"GR";"2";25,587707
2003;"GR";"2";23,711957
2007;"GR";"2";20,348968
2011;"GR";"2";16,697106
1971;"JU";"2";35,270136
1975;"JU";"2";33,314868
1979;"JU";"2";37,635175
1983;"JU";"2";25,020315
1987;"JU";"2";32,970674
1991;"JU";"2";35,989302
1995;"JU";"2";38,113969
1999;"JU";"2";39,14455
2003;"JU";"2";39,389736
2007;"JU";"2";24,960579
2011;"JU";"2";33,229421
1971;"LU";"2";48,807345
1975;"LU";"2";50,110954
1979;"LU";"2";50,431435
1983;"LU";"2";49,60324
1987;"LU";"2";47,016021
1991;"LU";"2";48,599007
1995;"LU";"2";37,362517
1999;"LU";"2";33,92407
2003;"LU";"2";29,465869
2007;"LU";"2";30,306973
2011;"LU";"2";27,191157
1971;"NE";"2";0
1975;"NE";"2";0
1979;"NE";"2";0
1983;"NE";"2";0
1987;"NE";"2";0
1991;"NE";"2";0
1995;"NE";"2";0
1999;"NE";"2";0
2003;"NE";"2";0
2007;"NE";"2";3,346974
2011;"NE";"2";3,492463
1971;"NW";"2";97,23063
1975;"NW";"2";97,597318
1979;"NW";"2";49,525051
1983;"NW";"2";97,154851
1987;"NW";"2";96,869692
1991;"NW";"2";97,687977
1995;"NW";"2";32,096752
1999;"NW";"2";0
2003;"NW";"2";0
2007;"NW";"2";0
2011;"NW";"2";0
1971;"OW";"2";67,040211
1975;"OW";"2";97,053474
1979;"OW";"2";95,724358
1983;"OW";"2";91,018124
1987;"OW";"2";51,746204
1991;"OW";"2";95,287155
1995;"OW";"2";94,152047
1999;"OW";"2";0
2003;"OW";"2";66,397013
2007;"OW";"2";32,500546
2011;"OW";"2";0
1971;"SG";"2";44,000464
1975;"SG";"2";43,320768
1979;"SG";"2";44,064433
1983;"SG";"2";40,835254
1987;"SG";"2";39,43969
1991;"SG";"2";35,79433
1995;"SG";"2";30,981884
1999;"SG";"2";26,155431
2003;"SG";"2";22,176769
2007;"SG";"2";21,432707
2011;"SG";"2";20,410199
1971;"SH";"2";8,075635
1975;"SH";"2";0
1979;"SH";"2";0
1983;"SH";"2";6,35125
1987;"SH";"2";0
1991;"SH";"2";0
1995;"SH";"2";0
1999;"SH";"2";0
2003;"SH";"2";2,679492
2007;"SH";"2";0
2011;"SH";"2";5,242237
1971;"SO";"2";27,665404
1975;"SO";"2";25,960498
1979;"SO";"2";27,547365
1983;"SO";"2";26,713101
1987;"SO";"2";25,098312
1991;"SO";"2";22,192973
1995;"SO";"2";21,5155
1999;"SO";"2";21,4224
2003;"SO";"2";21,02719
2007;"SO";"2";20,369179
2011;"SO";"2";17,865171
1971;"SZ";"2";38,497347
1975;"SZ";"2";46,363799
1979;"SZ";"2";49,370386
1983;"SZ";"2";46,555979
1987;"SZ";"2";36,943844
1991;"SZ";"2";32,800294
1995;"SZ";"2";27,352475
1999;"SZ";"2";27,255421
2003;"SZ";"2";23,443928
2007;"SZ";"2";20,101294
2011;"SZ";"2";20,563973
1971;"TG";"2";23,425097
1975;"TG";"2";22,27419
1979;"TG";"2";24,628912
1983;"TG";"2";21,59245
1987;"TG";"2";20,432051
1991;"TG";"2";16,491986
1995;"TG";"2";12,997964
1999;"TG";"2";15,752464
2003;"TG";"2";16,449103
2007;"TG";"2";15,188679
2011;"TG";"2";14,418611
1971;"TI";"2";35,183812
1975;"TI";"2";35,58008
1979;"TI";"2";34,078011
1983;"TI";"2";33,907319
1987;"TI";"2";38,231075
1991;"TI";"2";26,936637
1995;"TI";"2";28,367508
1999;"TI";"2";25,914383
2003;"TI";"2";24,563313
2007;"TI";"2";24,105373
2011;"TI";"2";19,9652
1971;"UR";"2";0
1975;"UR";"2";18,612245
1979;"UR";"2";0
1983;"UR";"2";0
1987;"UR";"2";0
1991;"UR";"2";0
1995;"UR";"2";0
1999;"UR";"2";0
2003;"UR";"2";0
2007;"UR";"2";0
2011;"UR";"2";0
1971;"VD";"2";5,25038
1975;"VD";"2";4,608313
1979;"VD";"2";5,067089
1983;"VD";"2";4,513908
1987;"VD";"2";4,072809
1991;"VD";"2";3,541462
1995;"VD";"2";5,646586
1999;"VD";"2";4,495847
2003;"VD";"2";4,418494
2007;"VD";"2";5,551418
2011;"VD";"2";4,567978
1971;"VS";"2";61,471207
1975;"VS";"2";59,712093
1979;"VS";"2";58,787129
1983;"VS";"2";57,480349
1987;"VS";"2";58,666075
1991;"VS";"2";54,339429
1995;"VS";"2";54,830508
1999;"VS";"2";51,4037
2003;"VS";"2";47,851164
2007;"VS";"2";44,915734
2011;"VS";"2";39,972585
1971;"ZG";"2";0
1975;"ZG";"2";39,376004
1979;"ZG";"2";34,09471
1983;"ZG";"2";39,883546
1987;"ZG";"2";34,242612
1991;"ZG";"2";34,184025
1995;"ZG";"2";27,121959
1999;"ZG";"2";26,36318
2003;"ZG";"2";22,896548
2007;"ZG";"2";23,317723
2011;"ZG";"2";24,291311
1971;"ZH";"2";9,541045
1975;"ZH";"2";9,373228
1979;"ZH";"2";9,709881
1983;"ZH";"2";9,083267
1987;"ZH";"2";7,13057
1991;"ZH";"2";5,900482
1995;"ZH";"2";4,871143
1999;"ZH";"2";5,122675
2003;"ZH";"2";5,43022
2007;"ZH";"2";7,556196
2011;"ZH";"2";5,030736
1971;"AG";"7";3,84369
1975;"AG";"7";4,629534
1979;"AG";"7";5,043367
1983;"AG";"7";4,972724
1987;"AG";"7";3,357804
1991;"AG";"7";3,298204
1995;"AG";"7";3,041814
1999;"AG";"7";3,821411
2003;"AG";"7";5,227337
2007;"AG";"7";4,248707
2011;"AG";"7";3,234911
1971;"AI";"7";0
1975;"AI";"7";0
1979;"AI";"7";0
1983;"AI";"7";0
1987;"AI";"7";0
1991;"AI";"7";0
1995;"AI";"7";0
1999;"AI";"7";0
2003;"AI";"7";0
2007;"AI";"7";0
2011;"AI";"7";0
1971;"AR";"7";0
1975;"AR";"7";0
1979;"AR";"7";0
1983;"AR";"7";0
1987;"AR";"7";0
1991;"AR";"7";0
1995;"AR";"7";0
1999;"AR";"7";0
2003;"AR";"7";0
2007;"AR";"7";0
2011;"AR";"7";0
1971;"BE";"7";4,4345
1975;"BE";"7";3,799734
1979;"BE";"7";3,403681
1983;"BE";"7";3,28193
1987;"BE";"7";3,438832
1991;"BE";"7";3,351757
1995;"BE";"7";3,760492
1999;"BE";"7";3,975602
2003;"BE";"7";5,154003
2007;"BE";"7";5,44365
2011;"BE";"7";4,176049
1971;"BL";"7";0,011169
1975;"BL";"7";0,007815
1979;"BL";"7";3,658377
1983;"BL";"7";0,016492
1987;"BL";"7";3,093851
1991;"BL";"7";2,513453
1995;"BL";"7";1,720391
1999;"BL";"7";2,419421
2003;"BL";"7";2,654179
2007;"BL";"7";2,788693
2011;"BL";"7";3,283073
1971;"BS";"7";0
1975;"BS";"7";3,975244
1979;"BS";"7";0
1983;"BS";"7";4,782936
1987;"BS";"7";4,543503
1991;"BS";"7";3,267072
1995;"BS";"7";4,134567
1999;"BS";"7";3,769841
2003;"BS";"7";2,863953
2007;"BS";"7";3,56856
2011;"BS";"7";2,492502
1971;"FR";"7";0
1975;"FR";"7";0
1979;"FR";"7";0
1983;"FR";"7";0
1987;"FR";"7";0
1991;"FR";"7";0
1995;"FR";"7";0
1999;"FR";"7";0
2003;"FR";"7";0,696573
2007;"FR";"7";0,760141
2011;"FR";"7";0,679121
1971;"GE";"7";0
1975;"GE";"7";0
1979;"GE";"7";0
1983;"GE";"7";0
1987;"GE";"7";0
1991;"GE";"7";0
1995;"GE";"7";0
1999;"GE";"7";0
2003;"GE";"7";0
2007;"GE";"7";1,200678
2011;"GE";"7";1,023031
1971;"GL";"7";0
1975;"GL";"7";0
1979;"GL";"7";0
1983;"GL";"7";0
1987;"GL";"7";0
1991;"GL";"7";0
1995;"GL";"7";0
1999;"GL";"7";0
2003;"GL";"7";0
2007;"GL";"7";0
2011;"GL";"7";0
1971;"GR";"7";0
1975;"GR";"7";0
1979;"GR";"7";0
1983;"GR";"7";0
1987;"GR";"7";0
1991;"GR";"7";0
1995;"GR";"7";0
1999;"GR";"7";0
2003;"GR";"7";0
2007;"GR";"7";0
2011;"GR";"7";0
1971;"JU";"7";0,251467
1975;"JU";"7";0,088633
1979;"JU";"7";0
1983;"JU";"7";0
1987;"JU";"7";0
1991;"JU";"7";0
1995;"JU";"7";0
1999;"JU";"7";0
2003;"JU";"7";0
2007;"JU";"7";0
2011;"JU";"7";0
1971;"LU";"7";0
1975;"LU";"7";0
1979;"LU";"7";0
1983;"LU";"7";0
1987;"LU";"7";0
1991;"LU";"7";0
1995;"LU";"7";0
1999;"LU";"7";0
2003;"LU";"7";0,805227
2007;"LU";"7";0,739806
2011;"LU";"7";0,741795
1971;"NE";"7";0
1975;"NE";"7";0
1979;"NE";"7";0
1983;"NE";"7";0
1987;"NE";"7";0
1991;"NE";"7";0
1995;"NE";"7";0
1999;"NE";"7";0
2003;"NE";"7";0
2007;"NE";"7";1,227662
2011;"NE";"7";0
1971;"NW";"7";0
1975;"NW";"7";0
1979;"NW";"7";0
1983;"NW";"7";0
1987;"NW";"7";0
1991;"NW";"7";0
1995;"NW";"7";0
1999;"NW";"7";0
2003;"NW";"7";0
2007;"NW";"7";0
2011;"NW";"7";0
1971;"OW";"7";0
1975;"OW";"7";0
1979;"OW";"7";0
1983;"OW";"7";0
1987;"OW";"7";0
1991;"OW";"7";0
1995;"OW";"7";0
1999;"OW";"7";0
2003;"OW";"7";0
2007;"OW";"7";0
2011;"OW";"7";0
1971;"SG";"7";3,015033
1975;"SG";"7";0
1979;"SG";"7";2,121954
1983;"SG";"7";0
1987;"SG";"7";2,299793
1991;"SG";"7";0
1995;"SG";"7";1,695333
1999;"SG";"7";1,315703
2003;"SG";"7";1,501835
2007;"SG";"7";2,038557
2011;"SG";"7";1,826016
1971;"SH";"7";0
1975;"SH";"7";0
1979;"SH";"7";6,31213
1983;"SH";"7";0
1987;"SH";"7";0
1991;"SH";"7";0
1995;"SH";"7";0
1999;"SH";"7";0
2003;"SH";"7";0
2007;"SH";"7";0
2011;"SH";"7";0
1971;"SO";"7";0
1975;"SO";"7";0
1979;"SO";"7";0
1983;"SO";"7";0
1987;"SO";"7";0
1991;"SO";"7";1,160074
1995;"SO";"7";0
1999;"SO";"7";0
2003;"SO";"7";1,184033
2007;"SO";"7";1,758962
2011;"SO";"7";1,454327
1971;"SZ";"7";0
1975;"SZ";"7";0
1979;"SZ";"7";0
1983;"SZ";"7";0
1987;"SZ";"7";0
1991;"SZ";"7";0
1995;"SZ";"7";0
1999;"SZ";"7";0
2003;"SZ";"7";0
2007;"SZ";"7";0,944842
2011;"SZ";"7";1,104798
1971;"TG";"7";0
1975;"TG";"7";0
1979;"TG";"7";0
1983;"TG";"7";5,261285
1987;"TG";"7";0
1991;"TG";"7";3,189397
1995;"TG";"7";2,674319
1999;"TG";"7";2,783736
2003;"TG";"7";2,709435
2007;"TG";"7";2,838765
2011;"TG";"7";2,903468
1971;"TI";"7";0
1975;"TI";"7";0
1979;"TI";"7";0
1983;"TI";"7";0
1987;"TI";"7";0
1991;"TI";"7";0
1995;"TI";"7";0
1999;"TI";"7";0,207778
2003;"TI";"7";0
2007;"TI";"7";0
2011;"TI";"7";0
1971;"UR";"7";0
1975;"UR";"7";0
1979;"UR";"7";0
1983;"UR";"7";0
1987;"UR";"7";0
1991;"UR";"7";0
1995;"UR";"7";0
1999;"UR";"7";0
2003;"UR";"7";0
2007;"UR";"7";0
2011;"UR";"7";0
1971;"VD";"7";0
1975;"VD";"7";0
1979;"VD";"7";0
1983;"VD";"7";0
1987;"VD";"7";0
1991;"VD";"7";0
1995;"VD";"7";0
1999;"VD";"7";0
2003;"VD";"7";0,630935
2007;"VD";"7";1,046146
2011;"VD";"7";1,026334
1971;"VS";"7";0
1975;"VS";"7";0
1979;"VS";"7";0
1983;"VS";"7";0
1987;"VS";"7";0
1991;"VS";"7";0
1995;"VS";"7";0
1999;"VS";"7";0
2003;"VS";"7";0
2007;"VS";"7";0
2011;"VS";"7";0
1971;"ZG";"7";0
1975;"ZG";"7";0
1979;"ZG";"7";0
1983;"ZG";"7";0
1987;"ZG";"7";0
1991;"ZG";"7";0
1995;"ZG";"7";0
1999;"ZG";"7";0
2003;"ZG";"7";0
2007;"ZG";"7";0
2011;"ZG";"7";0
1971;"ZH";"7";5,193606
1975;"ZH";"7";5,383376
1979;"ZH";"7";5,668819
1983;"ZH";"7";5,431419
1987;"ZH";"7";4,366178
1991;"ZH";"7";4,774615
1995;"ZH";"7";3,740347
1999;"ZH";"7";3,436332
2003;"ZH";"7";4,110234
2007;"ZH";"7";3,679701
2011;"ZH";"7";3,070966
1971;"AG";"31";0
1975;"AG";"31";0
1979;"AG";"31";0
1983;"AG";"31";0
1987;"AG";"31";0
1991;"AG";"31";0
1995;"AG";"31";0
1999;"AG";"31";0
2003;"AG";"31";0
2007;"AG";"31";0
2011;"AG";"31";5,657174
1971;"AI";"31";0
1975;"AI";"31";0
1979;"AI";"31";0
1983;"AI";"31";0
1987;"AI";"31";0
1991;"AI";"31";0
1995;"AI";"31";0
1999;"AI";"31";0
2003;"AI";"31";0
2007;"AI";"31";0
2011;"AI";"31";0
1971;"AR";"31";0
1975;"AR";"31";0
1979;"AR";"31";0
1983;"AR";"31";0
1987;"AR";"31";0
1991;"AR";"31";0
1995;"AR";"31";0
1999;"AR";"31";0
2003;"AR";"31";0
2007;"AR";"31";0
2011;"AR";"31";0
1971;"BE";"31";0
1975;"BE";"31";0
1979;"BE";"31";0
1983;"BE";"31";0
1987;"BE";"31";0
1991;"BE";"31";0
1995;"BE";"31";0
1999;"BE";"31";0
2003;"BE";"31";0
2007;"BE";"31";0
2011;"BE";"31";5,290407
1971;"BL";"31";0
1975;"BL";"31";0
1979;"BL";"31";0
1983;"BL";"31";0
1987;"BL";"31";0
1991;"BL";"31";0
1995;"BL";"31";0
1999;"BL";"31";0
2003;"BL";"31";0
2007;"BL";"31";0
2011;"BL";"31";5,005304
1971;"BS";"31";0
1975;"BS";"31";0
1979;"BS";"31";0
1983;"BS";"31";0
1987;"BS";"31";0
1991;"BS";"31";0
1995;"BS";"31";0
1999;"BS";"31";0
2003;"BS";"31";0
2007;"BS";"31";0
2011;"BS";"31";5,750638
1971;"FR";"31";0
1975;"FR";"31";0
1979;"FR";"31";0
1983;"FR";"31";0
1987;"FR";"31";0
1991;"FR";"31";0
1995;"FR";"31";0
1999;"FR";"31";0
2003;"FR";"31";0
2007;"FR";"31";0
2011;"FR";"31";3,540469
1971;"GE";"31";0
1975;"GE";"31";0
1979;"GE";"31";0
1983;"GE";"31";0
1987;"GE";"31";0
1991;"GE";"31";0
1995;"GE";"31";0
1999;"GE";"31";0
2003;"GE";"31";0
2007;"GE";"31";0
2011;"GE";"31";3,185468
1971;"GL";"31";0
1975;"GL";"31";0
1979;"GL";"31";0
1983;"GL";"31";0
1987;"GL";"31";0
1991;"GL";"31";0
1995;"GL";"31";0
1999;"GL";"31";0
2003;"GL";"31";0
2007;"GL";"31";0
2011;"GL";"31";0
1971;"GR";"31";0
1975;"GR";"31";0
1979;"GR";"31";0
1983;"GR";"31";0
1987;"GR";"31";0
1991;"GR";"31";0
1995;"GR";"31";0
1999;"GR";"31";0
2003;"GR";"31";0
2007;"GR";"31";0
2011;"GR";"31";8,230425
1971;"JU";"31";0
1975;"JU";"31";0
1979;"JU";"31";0
1983;"JU";"31";0
1987;"JU";"31";0
1991;"JU";"31";0
1995;"JU";"31";0
1999;"JU";"31";0
2003;"JU";"31";0
2007;"JU";"31";0
2011;"JU";"31";0
1971;"LU";"31";0
1975;"LU";"31";0
1979;"LU";"31";0
1983;"LU";"31";0
1987;"LU";"31";0
1991;"LU";"31";0
1995;"LU";"31";0
1999;"LU";"31";0
2003;"LU";"31";0
2007;"LU";"31";0
2011;"LU";"31";6,112267
1971;"NE";"31";0
1975;"NE";"31";0
1979;"NE";"31";0
1983;"NE";"31";0
1987;"NE";"31";0
1991;"NE";"31";0
1995;"NE";"31";0
1999;"NE";"31";0
2003;"NE";"31";0
2007;"NE";"31";0
2011;"NE";"31";0
1971;"NW";"31";0
1975;"NW";"31";0
1979;"NW";"31";0
1983;"NW";"31";0
1987;"NW";"31";0
1991;"NW";"31";0
1995;"NW";"31";0
1999;"NW";"31";0
2003;"NW";"31";0
2007;"NW";"31";0
2011;"NW";"31";0
1971;"OW";"31";0
1975;"OW";"31";0
1979;"OW";"31";0
1983;"OW";"31";0
1987;"OW";"31";0
1991;"OW";"31";0
1995;"OW";"31";0
1999;"OW";"31";0
2003;"OW";"31";0
2007;"OW";"31";0
2011;"OW";"31";0
1971;"SG";"31";0
1975;"SG";"31";0
1979;"SG";"31";0
1983;"SG";"31";0
1987;"SG";"31";0
1991;"SG";"31";0
1995;"SG";"31";0
1999;"SG";"31";0
2003;"SG";"31";0
2007;"SG";"31";3,134181
2011;"SG";"31";5,955598
1971;"SH";"31";0
1975;"SH";"31";0
1979;"SH";"31";0
1983;"SH";"31";0
1987;"SH";"31";0
1991;"SH";"31";0
1995;"SH";"31";0
1999;"SH";"31";0
2003;"SH";"31";0
2007;"SH";"31";0
2011;"SH";"31";0
1971;"SO";"31";0
1975;"SO";"31";0
1979;"SO";"31";0
1983;"SO";"31";0
1987;"SO";"31";0
1991;"SO";"31";0
1995;"SO";"31";0
1999;"SO";"31";0
2003;"SO";"31";0
2007;"SO";"31";0
2011;"SO";"31";4,973774
1971;"SZ";"31";0
1975;"SZ";"31";0
1979;"SZ";"31";0
1983;"SZ";"31";0
1987;"SZ";"31";0
1991;"SZ";"31";0
1995;"SZ";"31";0
1999;"SZ";"31";0
2003;"SZ";"31";0
2007;"SZ";"31";0
2011;"SZ";"31";0
1971;"TG";"31";0
1975;"TG";"31";0
1979;"TG";"31";0
1983;"TG";"31";0
1987;"TG";"31";0
1991;"TG";"31";0
1995;"TG";"31";0
1999;"TG";"31";0
2003;"TG";"31";0
2007;"TG";"31";0
2011;"TG";"31";5,203437
1971;"TI";"31";0
1975;"TI";"31";0
1979;"TI";"31";0
1983;"TI";"31";0
1987;"TI";"31";0
1991;"TI";"31";0
1995;"TI";"31";0
1999;"TI";"31";0
2003;"TI";"31";0
2007;"TI";"31";0
2011;"TI";"31";0
1971;"UR";"31";0
1975;"UR";"31";0
1979;"UR";"31";0
1983;"UR";"31";0
1987;"UR";"31";0
1991;"UR";"31";0
1995;"UR";"31";0
1999;"UR";"31";0
2003;"UR";"31";0
2007;"UR";"31";0
2011;"UR";"31";0
1971;"VD";"31";0
1975;"VD";"31";0
1979;"VD";"31";0
1983;"VD";"31";0
1987;"VD";"31";0
1991;"VD";"31";0
1995;"VD";"31";0
1999;"VD";"31";0
2003;"VD";"31";0
2007;"VD";"31";0
2011;"VD";"31";5,126192
1971;"VS";"31";0
1975;"VS";"31";0
1979;"VS";"31";0
1983;"VS";"31";0
1987;"VS";"31";0
1991;"VS";"31";0
1995;"VS";"31";0
1999;"VS";"31";0
2003;"VS";"31";0
2007;"VS";"31";0
2011;"VS";"31";0
1971;"ZG";"31";0
1975;"ZG";"31";0
1979;"ZG";"31";0
1983;"ZG";"31";0
1987;"ZG";"31";0
1991;"ZG";"31";0
1995;"ZG";"31";0
1999;"ZG";"31";0
2003;"ZG";"31";0
2007;"ZG";"31";0
2011;"ZG";"31";6,788559
1971;"ZH";"31";0
1975;"ZH";"31";0
1979;"ZH";"31";0
1983;"ZH";"31";0
1987;"ZH";"31";0
1991;"ZH";"31";0
1995;"ZH";"31";0
1999;"ZH";"31";0
2003;"ZH";"31";0
2007;"ZH";"31";7,011379
2011;"ZH";"31";11,484056
1971;"AG";"32";0
1975;"AG";"32";0
1979;"AG";"32";0
1983;"AG";"32";0
1987;"AG";"32";0
1991;"AG";"32";0
1995;"AG";"32";0
1999;"AG";"32";0
2003;"AG";"32";0
2007;"AG";"32";0
2011;"AG";"32";6,166498
1971;"AI";"32";0
1975;"AI";"32";0
1979;"AI";"32";0
1983;"AI";"32";0
1987;"AI";"32";0
1991;"AI";"32";0
1995;"AI";"32";0
1999;"AI";"32";0
2003;"AI";"32";0
2007;"AI";"32";0
2011;"AI";"32";0
1971;"AR";"32";0
1975;"AR";"32";0
1979;"AR";"32";0
1983;"AR";"32";0
1987;"AR";"32";0
1991;"AR";"32";0
1995;"AR";"32";0
1999;"AR";"32";0
2003;"AR";"32";0
2007;"AR";"32";0
2011;"AR";"32";0
1971;"BE";"32";0
1975;"BE";"32";0
1979;"BE";"32";0
1983;"BE";"32";0
1987;"BE";"32";0
1991;"BE";"32";0
1995;"BE";"32";0
1999;"BE";"32";0
2003;"BE";"32";0
2007;"BE";"32";0
2011;"BE";"32";14,876579
1971;"BL";"32";0
1975;"BL";"32";0
1979;"BL";"32";0
1983;"BL";"32";0
1987;"BL";"32";0
1991;"BL";"32";0
1995;"BL";"32";0
1999;"BL";"32";0
2003;"BL";"32";0
2007;"BL";"32";0
2011;"BL";"32";6,3472
1971;"BS";"32";0
1975;"BS";"32";0
1979;"BS";"32";0
1983;"BS";"32";0
1987;"BS";"32";0
1991;"BS";"32";0
1995;"BS";"32";0
1999;"BS";"32";0
2003;"BS";"32";0
2007;"BS";"32";0
2011;"BS";"32";2,216799
1971;"FR";"32";0
1975;"FR";"32";0
1979;"FR";"32";0
1983;"FR";"32";0
1987;"FR";"32";0
1991;"FR";"32";0
1995;"FR";"32";0
1999;"FR";"32";0
2003;"FR";"32";0
2007;"FR";"32";0
2011;"FR";"32";1,882069
1971;"GE";"32";0
1975;"GE";"32";0
1979;"GE";"32";0
1983;"GE";"32";0
1987;"GE";"32";0
1991;"GE";"32";0
1995;"GE";"32";0
1999;"GE";"32";0
2003;"GE";"32";0
2007;"GE";"32";0
2011;"GE";"32";0
1971;"GL";"32";0
1975;"GL";"32";0
1979;"GL";"32";0
1983;"GL";"32";0
1987;"GL";"32";0
1991;"GL";"32";0
1995;"GL";"32";0
1999;"GL";"32";0
2003;"GL";"32";0
2007;"GL";"32";0
2011;"GL";"32";61,712754
1971;"GR";"32";0
1975;"GR";"32";0
1979;"GR";"32";0
1983;"GR";"32";0
1987;"GR";"32";0
1991;"GR";"32";0
1995;"GR";"32";0
1999;"GR";"32";0
2003;"GR";"32";0
2007;"GR";"32";0
2011;"GR";"32";20,458772
1971;"JU";"32";0
1975;"JU";"32";0
1979;"JU";"32";0
1983;"JU";"32";0
1987;"JU";"32";0
1991;"JU";"32";0
1995;"JU";"32";0
1999;"JU";"32";0
2003;"JU";"32";0
2007;"JU";"32";0
2011;"JU";"32";0
1971;"LU";"32";0
1975;"LU";"32";0
1979;"LU";"32";0
1983;"LU";"32";0
1987;"LU";"32";0
1991;"LU";"32";0
1995;"LU";"32";0
1999;"LU";"32";0
2003;"LU";"32";0
2007;"LU";"32";0
2011;"LU";"32";2,134111
1971;"NE";"32";0
1975;"NE";"32";0
1979;"NE";"32";0
1983;"NE";"32";0
1987;"NE";"32";0
1991;"NE";"32";0
1995;"NE";"32";0
1999;"NE";"32";0
2003;"NE";"32";0
2007;"NE";"32";0
2011;"NE";"32";1,483428
1971;"NW";"32";0
1975;"NW";"32";0
1979;"NW";"32";0
1983;"NW";"32";0
1987;"NW";"32";0
1991;"NW";"32";0
1995;"NW";"32";0
1999;"NW";"32";0
2003;"NW";"32";0
2007;"NW";"32";0
2011;"NW";"32";0
1971;"OW";"32";0
1975;"OW";"32";0
1979;"OW";"32";0
1983;"OW";"32";0
1987;"OW";"32";0
1991;"OW";"32";0
1995;"OW";"32";0
1999;"OW";"32";0
2003;"OW";"32";0
2007;"OW";"32";0
2011;"OW";"32";0
1971;"SG";"32";0
1975;"SG";"32";0
1979;"SG";"32";0
1983;"SG";"32";0
1987;"SG";"32";0
1991;"SG";"32";0
1995;"SG";"32";0
1999;"SG";"32";0
2003;"SG";"32";0
2007;"SG";"32";0
2011;"SG";"32";3,790698
1971;"SH";"32";0
1975;"SH";"32";0
1979;"SH";"32";0
1983;"SH";"32";0
1987;"SH";"32";0
1991;"SH";"32";0
1995;"SH";"32";0
1999;"SH";"32";0
2003;"SH";"32";0
2007;"SH";"32";0
2011;"SH";"32";0
1971;"SO";"32";0
1975;"SO";"32";0
1979;"SO";"32";0
1983;"SO";"32";0
1987;"SO";"32";0
1991;"SO";"32";0
1995;"SO";"32";0
1999;"SO";"32";0
2003;"SO";"32";0
2007;"SO";"32";0
2011;"SO";"32";4,364115
1971;"SZ";"32";0
1975;"SZ";"32";0
1979;"SZ";"32";0
1983;"SZ";"32";0
1987;"SZ";"32";0
1991;"SZ";"32";0
1995;"SZ";"32";0
1999;"SZ";"32";0
2003;"SZ";"32";0
2007;"SZ";"32";0
2011;"SZ";"32";3,449074
1971;"TG";"32";0
1975;"TG";"32";0
1979;"TG";"32";0
1983;"TG";"32";0
1987;"TG";"32";0
1991;"TG";"32";0
1995;"TG";"32";0
1999;"TG";"32";0
2003;"TG";"32";0
2007;"TG";"32";0
2011;"TG";"32";4,958701
1971;"TI";"32";0
1975;"TI";"32";0
1979;"TI";"32";0
1983;"TI";"32";0
1987;"TI";"32";0
1991;"TI";"32";0
1995;"TI";"32";0
1999;"TI";"32";0
2003;"TI";"32";0
2007;"TI";"32";0
2011;"TI";"32";0
1971;"UR";"32";0
1975;"UR";"32";0
1979;"UR";"32";0
1983;"UR";"32";0
1987;"UR";"32";0
1991;"UR";"32";0
1995;"UR";"32";0
1999;"UR";"32";0
2003;"UR";"32";0
2007;"UR";"32";0
2011;"UR";"32";0
1971;"VD";"32";0
1975;"VD";"32";0
1979;"VD";"32";0
1983;"VD";"32";0
1987;"VD";"32";0
1991;"VD";"32";0
1995;"VD";"32";0
1999;"VD";"32";0
2003;"VD";"32";0
2007;"VD";"32";0
2011;"VD";"32";0,815102
1971;"VS";"32";0
1975;"VS";"32";0
1979;"VS";"32";0
1983;"VS";"32";0
1987;"VS";"32";0
1991;"VS";"32";0
1995;"VS";"32";0
1999;"VS";"32";0
2003;"VS";"32";0
2007;"VS";"32";0
2011;"VS";"32";0,622994
1971;"ZG";"32";0
1975;"ZG";"32";0
1979;"ZG";"32";0
1983;"ZG";"32";0
1987;"ZG";"32";0
1991;"ZG";"32";0
1995;"ZG";"32";0
1999;"ZG";"32";0
2003;"ZG";"32";0
2007;"ZG";"32";0
2011;"ZG";"32";0
1971;"ZH";"32";0
1975;"ZH";"32";0
1979;"ZH";"32";0
1983;"ZH";"32";0
1987;"ZH";"32";0
1991;"ZH";"32";0
1995;"ZH";"32";0
1999;"ZH";"32";0
2003;"ZH";"32";0
2007;"ZH";"32";0
2011;"ZH";"32";5,277262
1971;"AG";"13";0
1975;"AG";"13";0
1979;"AG";"13";0
1983;"AG";"13";0
1987;"AG";"13";0
1991;"AG";"13";6,825202
1995;"AG";"13";5,342204
1999;"AG";"13";4,422115
2003;"AG";"13";5,115342
2007;"AG";"13";8,110652
2011;"AG";"13";7,225698
1971;"AI";"13";0
1975;"AI";"13";0
1979;"AI";"13";0
1983;"AI";"13";0
1987;"AI";"13";0
1991;"AI";"13";0
1995;"AI";"13";0
1999;"AI";"13";0
2003;"AI";"13";0
2007;"AI";"13";0
2011;"AI";"13";0
1971;"AR";"13";0
1975;"AR";"13";0
1979;"AR";"13";0
1983;"AR";"13";0
1987;"AR";"13";0
1991;"AR";"13";0
1995;"AR";"13";0
1999;"AR";"13";0
2003;"AR";"13";0
2007;"AR";"13";0
2011;"AR";"13";6,397152
1971;"BE";"13";0
1975;"BE";"13";0
1979;"BE";"13";0
1983;"BE";"13";0
1987;"BE";"13";9,268041
1991;"BE";"13";9,938334
1995;"BE";"13";5,859174
1999;"BE";"13";7,449907
2003;"BE";"13";9,268762
2007;"BE";"13";12,881734
2011;"BE";"13";9,410794
1971;"BL";"13";0
1975;"BL";"13";0
1979;"BL";"13";0
1983;"BL";"13";1,840272
1987;"BL";"13";6,939643
1991;"BL";"13";10,759763
1995;"BL";"13";9,516484
1999;"BL";"13";9,240043
2003;"BL";"13";12,575178
2007;"BL";"13";13,778244
2011;"BL";"13";13,605173
1971;"BS";"13";0
1975;"BS";"13";0
1979;"BS";"13";0
1983;"BS";"13";0
1987;"BS";"13";1,106244
1991;"BS";"13";4,40663
1995;"BS";"13";5,579479
1999;"BS";"13";8,710317
2003;"BS";"13";9,213384
2007;"BS";"13";12,105416
2011;"BS";"13";13,326875
1971;"FR";"13";0
1975;"FR";"13";0
1979;"FR";"13";0
1983;"FR";"13";0
1987;"FR";"13";4,188271
1991;"FR";"13";0
1995;"FR";"13";2,330595
1999;"FR";"13";0
2003;"FR";"13";4,020692
2007;"FR";"13";6,330856
2011;"FR";"13";4,955498
1971;"GE";"13";0
1975;"GE";"13";0
1979;"GE";"13";0
1983;"GE";"13";7,624383
1987;"GE";"13";11,545436
1991;"GE";"13";6,724246
1995;"GE";"13";5,438481
1999;"GE";"13";8,113028
2003;"GE";"13";11,182966
2007;"GE";"13";16,374658
2011;"GE";"13";13,613618
1971;"GL";"13";0
1975;"GL";"13";0
1979;"GL";"13";0
1983;"GL";"13";0
1987;"GL";"13";0
1991;"GL";"13";0
1995;"GL";"13";0
1999;"GL";"13";0
2003;"GL";"13";0
2007;"GL";"13";0
2011;"GL";"13";0
1971;"GR";"13";0
1975;"GR";"13";0
1979;"GR";"13";0
1983;"GR";"13";0
1987;"GR";"13";0
1991;"GR";"13";0
1995;"GR";"13";3,459282
1999;"GR";"13";0
2003;"GR";"13";0
2007;"GR";"13";0
2011;"GR";"13";2,148087
1971;"JU";"13";0
1975;"JU";"13";0
1979;"JU";"13";0
1983;"JU";"13";0
1987;"JU";"13";0
1991;"JU";"13";0,010092
1995;"JU";"13";0,020171
1999;"JU";"13";0
2003;"JU";"13";0
2007;"JU";"13";0
2011;"JU";"13";10,969549
1971;"LU";"13";0
1975;"LU";"13";0
1979;"LU";"13";0
1983;"LU";"13";0
1987;"LU";"13";0
1991;"LU";"13";9,291991
1995;"LU";"13";7,971944
1999;"LU";"13";7,901239
2003;"LU";"13";9,711934
2007;"LU";"13";9,373751
2011;"LU";"13";8,199968
1971;"NE";"13";0
1975;"NE";"13";0
1979;"NE";"13";0
1983;"NE";"13";7,358028
1987;"NE";"13";7,055847
1991;"NE";"13";8,003368
1995;"NE";"13";5,857872
1999;"NE";"13";14,683806
2003;"NE";"13";13,827971
2007;"NE";"13";9,387671
2011;"NE";"13";11,650232
1971;"NW";"13";0
1975;"NW";"13";0
1979;"NW";"13";0
1983;"NW";"13";0
1987;"NW";"13";0
1991;"NW";"13";0
1995;"NW";"13";0
1999;"NW";"13";0
2003;"NW";"13";0
2007;"NW";"13";0
2011;"NW";"13";19,567901
1971;"OW";"13";0
1975;"OW";"13";0
1979;"OW";"13";0
1983;"OW";"13";0
1987;"OW";"13";0
1991;"OW";"13";0
1995;"OW";"13";0
1999;"OW";"13";0
2003;"OW";"13";0
2007;"OW";"13";0
2011;"OW";"13";0
1971;"SG";"13";0
1975;"SG";"13";0
1979;"SG";"13";0
1983;"SG";"13";0
1987;"SG";"13";0
1991;"SG";"13";6,22143
1995;"SG";"13";4,894889
1999;"SG";"13";3,986361
2003;"SG";"13";7,063646
2007;"SG";"13";6,350137
2011;"SG";"13";6,290946
1971;"SH";"13";0
1975;"SH";"13";0
1979;"SH";"13";0
1983;"SH";"13";0
1987;"SH";"13";0
1991;"SH";"13";0
1995;"SH";"13";0
1999;"SH";"13";0
2003;"SH";"13";0
2007;"SH";"13";0
2011;"SH";"13";0
1971;"SO";"13";0
1975;"SO";"13";0
1979;"SO";"13";0
1983;"SO";"13";0
1987;"SO";"13";0
1991;"SO";"13";7,327385
1995;"SO";"13";5,84576
1999;"SO";"13";4,895208
2003;"SO";"13";5,990872
2007;"SO";"13";9,980946
2011;"SO";"13";7,497559
1971;"SZ";"13";0
1975;"SZ";"13";0
1979;"SZ";"13";0
1983;"SZ";"13";0
1987;"SZ";"13";0
1991;"SZ";"13";0
1995;"SZ";"13";0
1999;"SZ";"13";0
2003;"SZ";"13";0
2007;"SZ";"13";3,353762
2011;"SZ";"13";3,829966
1971;"TG";"13";0
1975;"TG";"13";0
1979;"TG";"13";0
1983;"TG";"13";5,903484
1987;"TG";"13";10,784061
1991;"TG";"13";9,013512
1995;"TG";"13";9,27344
1999;"TG";"13";6,146477
2003;"TG";"13";7,927727
2007;"TG";"13";10,23299
2011;"TG";"13";6,911033
1971;"TI";"13";0
1975;"TI";"13";0
1979;"TI";"13";0
1983;"TI";"13";0
1987;"TI";"13";1,924281
1991;"TI";"13";0,959588
1995;"TI";"13";1,727033
1999;"TI";"13";1,421243
2003;"TI";"13";2,971713
2007;"TI";"13";4,807512
2011;"TI";"13";6,74043
1971;"UR";"13";0
1975;"UR";"13";0
1979;"UR";"13";0
1983;"UR";"13";0
1987;"UR";"13";0
1991;"UR";"13";0
1995;"UR";"13";0
1999;"UR";"13";0
2003;"UR";"13";30,609982
2007;"UR";"13";0
2011;"UR";"13";0
1971;"VD";"13";0
1975;"VD";"13";0,952099
1979;"VD";"13";6,391272
1983;"VD";"13";7,026284
1987;"VD";"13";8,363425
1991;"VD";"13";6,280264
1995;"VD";"13";4,047875
1999;"VD";"13";7,092078
2003;"VD";"13";11,252329
2007;"VD";"13";14,273103
2011;"VD";"13";11,500907
1971;"VS";"13";0
1975;"VS";"13";0
1979;"VS";"13";0
1983;"VS";"13";0
1987;"VS";"13";1,656595
1991;"VS";"13";1,326287
1995;"VS";"13";1,302296
1999;"VS";"13";2,079434
2003;"VS";"13";2,591921
2007;"VS";"13";3,930359
2011;"VS";"13";4,930601
1971;"ZG";"13";0
1975;"ZG";"13";0
1979;"ZG";"13";0
1983;"ZG";"13";0
1987;"ZG";"13";0
1991;"ZG";"13";0
1995;"ZG";"13";0
1999;"ZG";"13";0
2003;"ZG";"13";0
2007;"ZG";"13";17,003958
2011;"ZG";"13";15,367084
1971;"ZH";"13";0
1975;"ZH";"13";0
1979;"ZH";"13";1,341001
1983;"ZH";"13";4,162469
1987;"ZH";"13";8,03428
1991;"ZH";"13";7,005143
1995;"ZH";"13";6,525544
1999;"ZH";"13";4,136442
2003;"ZH";"13";8,468171
2007;"ZH";"13";10,365837
2011;"ZH";"13";8,392851
1971;"AG";"18";0
1975;"AG";"18";0
1979;"AG";"18";0
1983;"AG";"18";0
1987;"AG";"18";0
1991;"AG";"18";0
1995;"AG";"18";0
1999;"AG";"18";0
2003;"AG";"18";0
2007;"AG";"18";0
2011;"AG";"18";0
1971;"AI";"18";0
1975;"AI";"18";0
1979;"AI";"18";0
1983;"AI";"18";0
1987;"AI";"18";0
1991;"AI";"18";0
1995;"AI";"18";0
1999;"AI";"18";0
2003;"AI";"18";0
2007;"AI";"18";0
2011;"AI";"18";0
1971;"AR";"18";0
1975;"AR";"18";0
1979;"AR";"18";0
1983;"AR";"18";0
1987;"AR";"18";0
1991;"AR";"18";0
1995;"AR";"18";0
1999;"AR";"18";0
2003;"AR";"18";0
2007;"AR";"18";0
2011;"AR";"18";0
1971;"BE";"18";0
1975;"BE";"18";0
1979;"BE";"18";0
1983;"BE";"18";0
1987;"BE";"18";0
1991;"BE";"18";0
1995;"BE";"18";0
1999;"BE";"18";0
2003;"BE";"18";0
2007;"BE";"18";0
2011;"BE";"18";0
1971;"BL";"18";0
1975;"BL";"18";0
1979;"BL";"18";0
1983;"BL";"18";0
1987;"BL";"18";0
1991;"BL";"18";0
1995;"BL";"18";0
1999;"BL";"18";0
2003;"BL";"18";0
2007;"BL";"18";0
2011;"BL";"18";0
1971;"BS";"18";0
1975;"BS";"18";0
1979;"BS";"18";0
1983;"BS";"18";0
1987;"BS";"18";0
1991;"BS";"18";0
1995;"BS";"18";0
1999;"BS";"18";0
2003;"BS";"18";0
2007;"BS";"18";0
2011;"BS";"18";0
1971;"FR";"18";0
1975;"FR";"18";0
1979;"FR";"18";0
1983;"FR";"18";0
1987;"FR";"18";0
1991;"FR";"18";0
1995;"FR";"18";0
1999;"FR";"18";0
2003;"FR";"18";0
2007;"FR";"18";0
2011;"FR";"18";0
1971;"GE";"18";0
1975;"GE";"18";0
1979;"GE";"18";0
1983;"GE";"18";0
1987;"GE";"18";0
1991;"GE";"18";0
1995;"GE";"18";0
1999;"GE";"18";0
2003;"GE";"18";0
2007;"GE";"18";0
2011;"GE";"18";0
1971;"GL";"18";0
1975;"GL";"18";0
1979;"GL";"18";0
1983;"GL";"18";0
1987;"GL";"18";0
1991;"GL";"18";0
1995;"GL";"18";0
1999;"GL";"18";0
2003;"GL";"18";0
2007;"GL";"18";0
2011;"GL";"18";0
1971;"GR";"18";0
1975;"GR";"18";0
1979;"GR";"18";0
1983;"GR";"18";0
1987;"GR";"18";0
1991;"GR";"18";0
1995;"GR";"18";0
1999;"GR";"18";0
2003;"GR";"18";0
2007;"GR";"18";0
2011;"GR";"18";0
1971;"JU";"18";0
1975;"JU";"18";0
1979;"JU";"18";0
1983;"JU";"18";0
1987;"JU";"18";0
1991;"JU";"18";0
1995;"JU";"18";0
1999;"JU";"18";0
2003;"JU";"18";0
2007;"JU";"18";0
2011;"JU";"18";0
1971;"LU";"18";0
1975;"LU";"18";0
1979;"LU";"18";0
1983;"LU";"18";0
1987;"LU";"18";0
1991;"LU";"18";0
1995;"LU";"18";0
1999;"LU";"18";0
2003;"LU";"18";0
2007;"LU";"18";0
2011;"LU";"18";0
1971;"NE";"18";0
1975;"NE";"18";0
1979;"NE";"18";0
1983;"NE";"18";0
1987;"NE";"18";0
1991;"NE";"18";0
1995;"NE";"18";0
1999;"NE";"18";0
2003;"NE";"18";0
2007;"NE";"18";0
2011;"NE";"18";0
1971;"NW";"18";0
1975;"NW";"18";0
1979;"NW";"18";0
1983;"NW";"18";0
1987;"NW";"18";0
1991;"NW";"18";0
1995;"NW";"18";0
1999;"NW";"18";0
2003;"NW";"18";0
2007;"NW";"18";0
2011;"NW";"18";0
1971;"OW";"18";0
1975;"OW";"18";0
1979;"OW";"18";0
1983;"OW";"18";0
1987;"OW";"18";0
1991;"OW";"18";0
1995;"OW";"18";0
1999;"OW";"18";0
2003;"OW";"18";0
2007;"OW";"18";0
2011;"OW";"18";0
1971;"SG";"18";0
1975;"SG";"18";0
1979;"SG";"18";0
1983;"SG";"18";0
1987;"SG";"18";0
1991;"SG";"18";0
1995;"SG";"18";0
1999;"SG";"18";0
2003;"SG";"18";0
2007;"SG";"18";0
2011;"SG";"18";0
1971;"SH";"18";0
1975;"SH";"18";0
1979;"SH";"18";0
1983;"SH";"18";0
1987;"SH";"18";0
1991;"SH";"18";0
1995;"SH";"18";0
1999;"SH";"18";0
2003;"SH";"18";0
2007;"SH";"18";0
2011;"SH";"18";0
1971;"SO";"18";0
1975;"SO";"18";0
1979;"SO";"18";0
1983;"SO";"18";0
1987;"SO";"18";0
1991;"SO";"18";0
1995;"SO";"18";0
1999;"SO";"18";0
2003;"SO";"18";0
2007;"SO";"18";0
2011;"SO";"18";0
1971;"SZ";"18";0
1975;"SZ";"18";0
1979;"SZ";"18";0
1983;"SZ";"18";0
1987;"SZ";"18";0
1991;"SZ";"18";0
1995;"SZ";"18";0
1999;"SZ";"18";0
2003;"SZ";"18";0
2007;"SZ";"18";0
2011;"SZ";"18";0
1971;"TG";"18";0
1975;"TG";"18";0
1979;"TG";"18";0
1983;"TG";"18";0
1987;"TG";"18";0
1991;"TG";"18";0
1995;"TG";"18";0
1999;"TG";"18";0
2003;"TG";"18";0
2007;"TG";"18";0
2011;"TG";"18";0
1971;"TI";"18";0
1975;"TI";"18";0
1979;"TI";"18";0
1983;"TI";"18";0
1987;"TI";"18";0
1991;"TI";"18";23,524863
1995;"TI";"18";18,603446
1999;"TI";"18";18,523279
2003;"TI";"18";7,961202
2007;"TI";"18";14,051122
2011;"TI";"18";17,534577
1971;"UR";"18";0
1975;"UR";"18";0
1979;"UR";"18";0
1983;"UR";"18";0
1987;"UR";"18";0
1991;"UR";"18";0
1995;"UR";"18";0
1999;"UR";"18";0
2003;"UR";"18";0
2007;"UR";"18";0
2011;"UR";"18";0
1971;"VD";"18";0
1975;"VD";"18";0
1979;"VD";"18";0
1983;"VD";"18";0
1987;"VD";"18";0
1991;"VD";"18";0
1995;"VD";"18";0
1999;"VD";"18";0
2003;"VD";"18";0
2007;"VD";"18";0
2011;"VD";"18";0
1971;"VS";"18";0
1975;"VS";"18";0
1979;"VS";"18";0
1983;"VS";"18";0
1987;"VS";"18";0
1991;"VS";"18";0
1995;"VS";"18";0
1999;"VS";"18";0
2003;"VS";"18";0
2007;"VS";"18";0
2011;"VS";"18";0
1971;"ZG";"18";0
1975;"ZG";"18";0
1979;"ZG";"18";0
1983;"ZG";"18";0
1987;"ZG";"18";0
1991;"ZG";"18";0
1995;"ZG";"18";0
1999;"ZG";"18";0
2003;"ZG";"18";0
2007;"ZG";"18";0
2011;"ZG";"18";0
1971;"ZH";"18";0
1975;"ZH";"18";0
1979;"ZH";"18";0
1983;"ZH";"18";0
1987;"ZH";"18";0
1991;"ZH";"18";0
1995;"ZH";"18";0
1999;"ZH";"18";0
2003;"ZH";"18";0
2007;"ZH";"18";0
2011;"ZH";"18";0
1971;"AG";"9";0
1975;"AG";"9";0,556907
1979;"AG";"9";0
1983;"AG";"9";0
1987;"AG";"9";6,865164
1991;"AG";"9";0
1995;"AG";"9";0,954972
1999;"AG";"9";0
2003;"AG";"9";0,847587
2007;"AG";"9";0
2011;"AG";"9";0
1971;"AI";"9";0
1975;"AI";"9";0
1979;"AI";"9";0
1983;"AI";"9";0
1987;"AI";"9";0
1991;"AI";"9";0
1995;"AI";"9";0
1999;"AI";"9";0
2003;"AI";"9";0
2007;"AI";"9";0
2011;"AI";"9";0
1971;"AR";"9";0
1975;"AR";"9";0
1979;"AR";"9";0
1983;"AR";"9";0
1987;"AR";"9";0
1991;"AR";"9";0
1995;"AR";"9";0
1999;"AR";"9";0
2003;"AR";"9";0
2007;"AR";"9";0
2011;"AR";"9";0
1971;"BE";"9";0
1975;"BE";"9";1,025325
1979;"BE";"9";2,719212
1983;"BE";"9";3,820599
1987;"BE";"9";2,596907
1991;"BE";"9";2,181743
1995;"BE";"9";2,463172
1999;"BE";"9";0
2003;"BE";"9";0
2007;"BE";"9";0
2011;"BE";"9";0,33621
1971;"BL";"9";0
1975;"BL";"9";4,839315
1979;"BL";"9";7,813166
1983;"BL";"9";10,025975
1987;"BL";"9";9,0744
1991;"BL";"9";0,118547
1995;"BL";"9";0
1999;"BL";"9";0
2003;"BL";"9";0
2007;"BL";"9";0
2011;"BL";"9";0
1971;"BS";"9";7,898159
1975;"BS";"9";8,848957
1979;"BS";"9";14,967674
1983;"BS";"9";15,216104
1987;"BS";"9";14,563257
1991;"BS";"9";9,191408
1995;"BS";"9";7,986543
1999;"BS";"9";0
2003;"BS";"9";0
2007;"BS";"9";0
2011;"BS";"9";0
1971;"FR";"9";0
1975;"FR";"9";0
1979;"FR";"9";0
1983;"FR";"9";0
1987;"FR";"9";1,704841
1991;"FR";"9";0
1995;"FR";"9";0,910335
1999;"FR";"9";0
2003;"FR";"9";0
2007;"FR";"9";0
2011;"FR";"9";0
1971;"GE";"9";20,840921
1975;"GE";"9";18,434049
1979;"GE";"9";19,849852
1983;"GE";"9";9,492832
1987;"GE";"9";8,70816
1991;"GE";"9";7,784691
1995;"GE";"9";13,374603
1999;"GE";"9";16,832844
2003;"GE";"9";8,110367
2007;"GE";"9";6,795679
2011;"GE";"9";6,469325
1971;"GL";"9";0
1975;"GL";"9";0
1979;"GL";"9";0
1983;"GL";"9";0
1987;"GL";"9";0
1991;"GL";"9";0
1995;"GL";"9";0
1999;"GL";"9";0
2003;"GL";"9";0
2007;"GL";"9";0
2011;"GL";"9";0
1971;"GR";"9";0
1975;"GR";"9";0
1979;"GR";"9";0
1983;"GR";"9";0
1987;"GR";"9";6,051275
1991;"GR";"9";4,267297
1995;"GR";"9";1,854391
1999;"GR";"9";0
2003;"GR";"9";0
2007;"GR";"9";0
2011;"GR";"9";0
1971;"JU";"9";0,076202
1975;"JU";"9";2,075486
1979;"JU";"9";0
1983;"JU";"9";0,015478
1987;"JU";"9";0,008955
1991;"JU";"9";0
1995;"JU";"9";0,005043
1999;"JU";"9";0
2003;"JU";"9";0
2007;"JU";"9";0
2011;"JU";"9";0
1971;"LU";"9";0
1975;"LU";"9";1,757911
1979;"LU";"9";5,137787
1983;"LU";"9";8,419494
1987;"LU";"9";8,715316
1991;"LU";"9";0
1995;"LU";"9";0,799651
1999;"LU";"9";0
2003;"LU";"9";0
2007;"LU";"9";0
2011;"LU";"9";0
1971;"NE";"9";13,693534
1975;"NE";"9";9,830905
1979;"NE";"9";7,705058
1983;"NE";"9";4,218315
1987;"NE";"9";3,753403
1991;"NE";"9";5,198769
1995;"NE";"9";7,118941
1999;"NE";"9";9,527507
2003;"NE";"9";5,203477
2007;"NE";"9";9,186815
2011;"NE";"9";10,429608
1971;"NW";"9";0
1975;"NW";"9";0
1979;"NW";"9";0
1983;"NW";"9";0
1987;"NW";"9";0
1991;"NW";"9";0
1995;"NW";"9";0
1999;"NW";"9";0
2003;"NW";"9";0
2007;"NW";"9";0
2011;"NW";"9";0
1971;"OW";"9";0
1975;"OW";"9";0
1979;"OW";"9";0
1983;"OW";"9";0
1987;"OW";"9";0
1991;"OW";"9";0
1995;"OW";"9";0
1999;"OW";"9";0
2003;"OW";"9";0
2007;"OW";"9";0
2011;"OW";"9";0
1971;"SG";"9";0,426634
1975;"SG";"9";0,904519
1979;"SG";"9";0
1983;"SG";"9";3,263823
1987;"SG";"9";5,331952
1991;"SG";"9";0
1995;"SG";"9";0
1999;"SG";"9";0
2003;"SG";"9";0
2007;"SG";"9";0
2011;"SG";"9";0
1971;"SH";"9";0
1975;"SH";"9";6,127129
1979;"SH";"9";4,112793
1983;"SH";"9";2,690569
1987;"SH";"9";0
1991;"SH";"9";3,927774
1995;"SH";"9";0
1999;"SH";"9";0
2003;"SH";"9";0
2007;"SH";"9";0
2011;"SH";"9";0
1971;"SO";"9";0
1975;"SO";"9";3,398457
1979;"SO";"9";5,022955
1983;"SO";"9";3,453529
1987;"SO";"9";0,326025
1991;"SO";"9";0
1995;"SO";"9";0
1999;"SO";"9";0
2003;"SO";"9";0
2007;"SO";"9";0
2011;"SO";"9";0
1971;"SZ";"9";0
1975;"SZ";"9";0
1979;"SZ";"9";0
1983;"SZ";"9";0
1987;"SZ";"9";0
1991;"SZ";"9";0
1995;"SZ";"9";0
1999;"SZ";"9";0
2003;"SZ";"9";0
2007;"SZ";"9";0
2011;"SZ";"9";0
1971;"TG";"9";0
1975;"TG";"9";0
1979;"TG";"9";0
1983;"TG";"9";0
1987;"TG";"9";0,220329
1991;"TG";"9";0
1995;"TG";"9";0
1999;"TG";"9";0
2003;"TG";"9";0
2007;"TG";"9";0
2011;"TG";"9";0
1971;"TI";"9";9,48793
1975;"TI";"9";11,17749
1979;"TI";"9";12,109044
1983;"TI";"9";10,565725
1987;"TI";"9";13,0639
1991;"TI";"9";10,691834
1995;"TI";"9";1,342442
1999;"TI";"9";1,338774
2003;"TI";"9";0
2007;"TI";"9";1,273865
2011;"TI";"9";1,213527
1971;"UR";"9";0
1975;"UR";"9";0
1979;"UR";"9";0
1983;"UR";"9";0
1987;"UR";"9";0
1991;"UR";"9";0
1995;"UR";"9";0
1999;"UR";"9";0
2003;"UR";"9";0
2007;"UR";"9";0
2011;"UR";"9";0
1971;"VD";"9";12,241123
1975;"VD";"9";10,673649
1979;"VD";"9";9,317672
1983;"VD";"9";7,915328
1987;"VD";"9";7,15976
1991;"VD";"9";7,79261
1995;"VD";"9";14,08702
1999;"VD";"9";9,856211
2003;"VD";"9";9,378996
2007;"VD";"9";6,843186
2011;"VD";"9";3,902017
1971;"VS";"9";0
1975;"VS";"9";0
1979;"VS";"9";0
1983;"VS";"9";0
1987;"VS";"9";0
1991;"VS";"9";0
1995;"VS";"9";0,84853
1999;"VS";"9";0
2003;"VS";"9";0
2007;"VS";"9";0
2011;"VS";"9";0
1971;"ZG";"9";0
1975;"ZG";"9";0
1979;"ZG";"9";0
1983;"ZG";"9";0
1987;"ZG";"9";7,832197
1991;"ZG";"9";10,135881
1995;"ZG";"9";10,394494
1999;"ZG";"9";0
2003;"ZG";"9";13,597988
2007;"ZG";"9";0
2011;"ZG";"9";0
1971;"ZH";"9";1,595112
1975;"ZH";"9";2,619907
1979;"ZH";"9";3,486852
1983;"ZH";"9";4,763707
1987;"ZH";"9";4,100448
1991;"ZH";"9";2,432687
1995;"ZH";"9";2,721299
1999;"ZH";"9";1,788632
2003;"ZH";"9";1,435582
2007;"ZH";"9";1,336839
2011;"ZH";"9";0,235797
1971;"AG";"16";9,232515
1975;"AG";"16";9,982334
1979;"AG";"16";3,727599
1983;"AG";"16";3,996259
1987;"AG";"16";10,858392
1991;"AG";"16";19,062804
1995;"AG";"16";17,060519
1999;"AG";"16";5,583659
2003;"AG";"16";1,665352
2007;"AG";"16";1,815852
2011;"AG";"16";1,544733
1971;"AI";"16";0
1975;"AI";"16";0
1979;"AI";"16";0
1983;"AI";"16";0
1987;"AI";"16";0
1991;"AI";"16";0
1995;"AI";"16";0
1999;"AI";"16";0
2003;"AI";"16";0
2007;"AI";"16";0
2011;"AI";"16";0
1971;"AR";"16";0
1975;"AR";"16";0
1979;"AR";"16";0
1983;"AR";"16";0
1987;"AR";"16";0
1991;"AR";"16";15,790968
1995;"AR";"16";8,90973
1999;"AR";"16";0
2003;"AR";"16";0
2007;"AR";"16";0
2011;"AR";"16";0
1971;"BE";"16";6,201895
1975;"BE";"16";7,454913
1979;"BE";"16";4,989803
1983;"BE";"16";7,846359
1987;"BE";"16";9,107216
1991;"BE";"16";16,384716
1995;"BE";"16";15,481796
1999;"BE";"16";10,410237
2003;"BE";"16";7,82066
2007;"BE";"16";5,697493
2011;"BE";"16";3,663063
1971;"BL";"16";9,718233
1975;"BL";"16";5,54583
1979;"BL";"16";0,047511
1983;"BL";"16";3,87158
1987;"BL";"16";8,545755
1991;"BL";"16";13,065427
1995;"BL";"16";12,824602
1999;"BL";"16";10,401585
2003;"BL";"16";2,88736
2007;"BL";"16";1,269313
2011;"BL";"16";0,673769
1971;"BS";"16";12,91073
1975;"BS";"16";8,168641
1979;"BS";"16";3,93524
1983;"BS";"16";5,299794
1987;"BS";"16";4,488534
1991;"BS";"16";4,152827
1995;"BS";"16";9,387721
1999;"BS";"16";3,832973
2003;"BS";"16";1,843383
2007;"BS";"16";1,186102
2011;"BS";"16";0,510423
1971;"FR";"16";0
1975;"FR";"16";0
1979;"FR";"16";0
1983;"FR";"16";0
1987;"FR";"16";0
1991;"FR";"16";1,426749
1995;"FR";"16";0,876112
1999;"FR";"16";0,323451
2003;"FR";"16";0,710258
2007;"FR";"16";0,866123
2011;"FR";"16";0,702299
1971;"GE";"16";6,847714
1975;"GE";"16";8,498419
1979;"GE";"16";7,147475
1983;"GE";"16";14,318757
1987;"GE";"16";7,999182
1991;"GE";"16";5,06203
1995;"GE";"16";2,384697
1999;"GE";"16";0
2003;"GE";"16";0
2007;"GE";"16";0
2011;"GE";"16";0
1971;"GL";"16";0
1975;"GL";"16";0
1979;"GL";"16";0
1983;"GL";"16";0
1987;"GL";"16";0
1991;"GL";"16";0
1995;"GL";"16";0
1999;"GL";"16";0
2003;"GL";"16";0
2007;"GL";"16";0
2011;"GL";"16";0
1971;"GR";"16";0
1975;"GR";"16";3,497863
1979;"GR";"16";0
1983;"GR";"16";0
1987;"GR";"16";0
1991;"GR";"16";0
1995;"GR";"16";0
1999;"GR";"16";0
2003;"GR";"16";1,848757
2007;"GR";"16";1,539123
2011;"GR";"16";0,497646
1971;"JU";"16";0,822983
1975;"JU";"16";0,428392
1979;"JU";"16";0
1983;"JU";"16";0
1987;"JU";"16";0
1991;"JU";"16";0
1995;"JU";"16";0
1999;"JU";"16";0
2003;"JU";"16";1,847792
2007;"JU";"16";0
2011;"JU";"16";0
1971;"LU";"16";0
1975;"LU";"16";0
1979;"LU";"16";0
1983;"LU";"16";1,292627
1987;"LU";"16";4,862814
1991;"LU";"16";2,817466
1995;"LU";"16";2,196992
1999;"LU";"16";1,158301
2003;"LU";"16";0,351279
2007;"LU";"16";0
2011;"LU";"16";0,208847
1971;"NE";"16";10,084145
1975;"NE";"16";0
1979;"NE";"16";0
1983;"NE";"16";0
1987;"NE";"16";3,415184
1991;"NE";"16";6,351127
1995;"NE";"16";4,797071
1999;"NE";"16";2,266126
2003;"NE";"16";0
2007;"NE";"16";0
2011;"NE";"16";0
1971;"NW";"16";0
1975;"NW";"16";0
1979;"NW";"16";0
1983;"NW";"16";0
1987;"NW";"16";0
1991;"NW";"16";0
1995;"NW";"16";0
1999;"NW";"16";8,014399
2003;"NW";"16";10,234542
2007;"NW";"16";0
2011;"NW";"16";0
1971;"OW";"16";0
1975;"OW";"16";0
1979;"OW";"16";0
1983;"OW";"16";0
1987;"OW";"16";0
1991;"OW";"16";0
1995;"OW";"16";3,755002
1999;"OW";"16";0
2003;"OW";"16";0
2007;"OW";"16";0
2011;"OW";"16";0
1971;"SG";"16";6,993856
1975;"SG";"16";7,522911
1979;"SG";"16";0
1983;"SG";"16";0
1987;"SG";"16";7,217368
1991;"SG";"16";15,611994
1995;"SG";"16";13,280844
1999;"SG";"16";3,362444
2003;"SG";"16";1,873648
2007;"SG";"16";1,652845
2011;"SG";"16";1,209797
1971;"SH";"16";6,452132
1975;"SH";"16";0
1979;"SH";"16";0
1983;"SH";"16";0
1987;"SH";"16";3,026964
1991;"SH";"16";14,206379
1995;"SH";"16";8,585034
1999;"SH";"16";0
2003;"SH";"16";0
2007;"SH";"16";0
2011;"SH";"16";3,794931
1971;"SO";"16";4,572437
1975;"SO";"16";0
1979;"SO";"16";0
1983;"SO";"16";0
1987;"SO";"16";4,927345
1991;"SO";"16";9,106241
1995;"SO";"16";13,354716
1999;"SO";"16";1,283665
2003;"SO";"16";0
2007;"SO";"16";0,378707
2011;"SO";"16";0,48364
1971;"SZ";"16";0
1975;"SZ";"16";0
1979;"SZ";"16";0
1983;"SZ";"16";0
1987;"SZ";"16";4,913607
1991;"SZ";"16";0
1995;"SZ";"16";5,923114
1999;"SZ";"16";0
2003;"SZ";"16";0
2007;"SZ";"16";0
2011;"SZ";"16";0
1971;"TG";"16";13,048472
1975;"TG";"16";10,050463
1979;"TG";"16";3,945874
1983;"TG";"16";2,729768
1987;"TG";"16";6,356829
1991;"TG";"16";12,219033
1995;"TG";"16";12,726997
1999;"TG";"16";7,046433
2003;"TG";"16";5,210204
2007;"TG";"16";4,541166
2011;"TG";"16";3,462469
1971;"TI";"16";1,751578
1975;"TI";"16";0
1979;"TI";"16";0
1983;"TI";"16";0
1987;"TI";"16";0
1991;"TI";"16";0
1995;"TI";"16";0
1999;"TI";"16";0
2003;"TI";"16";0
2007;"TI";"16";0
2011;"TI";"16";0
1971;"UR";"16";0
1975;"UR";"16";0
1979;"UR";"16";0
1983;"UR";"16";0
1987;"UR";"16";1,706984
1991;"UR";"16";0
1995;"UR";"16";0
1999;"UR";"16";0
2003;"UR";"16";0
2007;"UR";"16";0
2011;"UR";"16";0
1971;"VD";"16";7,157226
1975;"VD";"16";5,714152
1979;"VD";"16";0
1983;"VD";"16";2,567645
1987;"VD";"16";3,869742
1991;"VD";"16";5,336598
1995;"VD";"16";4,515537
1999;"VD";"16";3,609896
2003;"VD";"16";2,07196
2007;"VD";"16";1,450311
2011;"VD";"16";1,149908
1971;"VS";"16";0
1975;"VS";"16";0
1979;"VS";"16";0
1983;"VS";"16";0
1987;"VS";"16";0
1991;"VS";"16";0
1995;"VS";"16";0
1999;"VS";"16";0
2003;"VS";"16";0
2007;"VS";"16";0
2011;"VS";"16";0
1971;"ZG";"16";0
1975;"ZG";"16";0
1979;"ZG";"16";0
1983;"ZG";"16";0
1987;"ZG";"16";0
1991;"ZG";"16";0
1995;"ZG";"16";0
1999;"ZG";"16";0
2003;"ZG";"16";0
2007;"ZG";"16";0
2011;"ZG";"16";0
1971;"ZH";"16";15,374527
1975;"ZH";"16";11,095657
1979;"ZH";"16";3,761777
1983;"ZH";"16";6,433882
1987;"ZH";"16";10,962154
1991;"ZH";"16";12,902232
1995;"ZH";"16";8,696587
1999;"ZH";"16";4,130191
2003;"ZH";"16";3,016759
2007;"ZH";"16";2,737903
2011;"ZH";"16";2,449896
1971;"AG";"8";14,674261
1975;"AG";"8";9,51336
1979;"AG";"8";6,65672
1983;"AG";"8";7,702618
1987;"AG";"8";5,637588
1991;"AG";"8";4,71315
1995;"AG";"8";4,354108
1999;"AG";"8";2,147825
2003;"AG";"8";0,410208
2007;"AG";"8";4,65872
2011;"AG";"8";1,24952
1971;"AI";"8";3,859497
1975;"AI";"8";1,68664
1979;"AI";"8";2,790943
1983;"AI";"8";4,386397
1987;"AI";"8";8,337905
1991;"AI";"8";1,039956
1995;"AI";"8";14,593909
1999;"AI";"8";0,669456
2003;"AI";"8";30,838323
2007;"AI";"8";15,558838
2011;"AI";"8";3,556434
1971;"AR";"8";0
1975;"AR";"8";0
1979;"AR";"8";0
1983;"AR";"8";25,876343
1987;"AR";"8";0
1991;"AR";"8";36,65862
1995;"AR";"8";1,225088
1999;"AR";"8";0
2003;"AR";"8";0,751147
2007;"AR";"8";28,022944
2011;"AR";"8";1,022166
1971;"BE";"8";6,942088
1975;"BE";"8";6,800645
1979;"BE";"8";6,503982
1983;"BE";"8";10,546513
1987;"BE";"8";7,234364
1991;"BE";"8";5,824873
1995;"BE";"8";3,886052
1999;"BE";"8";2,408687
2003;"BE";"8";3,027026
2007;"BE";"8";1,333139
2011;"BE";"8";3,19623
1971;"BL";"8";13,265046
1975;"BL";"8";10,738402
1979;"BL";"8";7,511714
1983;"BL";"8";4,652218
1987;"BL";"8";2,698376
1991;"BL";"8";0,157174
1995;"BL";"8";8,432596
1999;"BL";"8";2,546035
2003;"BL";"8";0,793833
2007;"BL";"8";0
2011;"BL";"8";0
1971;"BS";"8";13,089905
1975;"BS";"8";10,629737
1979;"BS";"8";8,478966
1983;"BS";"8";12,025347
1987;"BS";"8";15,928884
1991;"BS";"8";12,226821
1995;"BS";"8";0,667788
1999;"BS";"8";5,463564
2003;"BS";"8";1,567935
2007;"BS";"8";1,652681
2011;"BS";"8";4,174661
1971;"FR";"8";5,329912
1975;"FR";"8";0,979045
1979;"FR";"8";0
1983;"FR";"8";9,23154
1987;"FR";"8";8,732276
1991;"FR";"8";17,269019
1995;"FR";"8";18,382957
1999;"FR";"8";19,482794
2003;"FR";"8";13,525016
2007;"FR";"8";8,65148
2011;"FR";"8";6,999815
1971;"GE";"8";6,209086
1975;"GE";"8";3,523667
1979;"GE";"8";1,500015
1983;"GE";"8";1,738345
1987;"GE";"8";2,477333
1991;"GE";"8";3,429199
1995;"GE";"8";4,160352
1999;"GE";"8";2,320963
2003;"GE";"8";1,64861
2007;"GE";"8";3,308229
2011;"GE";"8";12,150482
1971;"GL";"8";0,441023
1975;"GL";"8";35,284923
1979;"GL";"8";18,203915
1983;"GL";"8";7,68527
1987;"GL";"8";14,384422
1991;"GL";"8";3,516161
1995;"GL";"8";16,097743
1999;"GL";"8";14,325889
2003;"GL";"8";32,881296
2007;"GL";"8";9,356801
2011;"GL";"8";13,728834
1971;"GR";"8";0
1975;"GR";"8";0,279915
1979;"GR";"8";0
1983;"GR";"8";0
1987;"GR";"8";7,684412
1991;"GR";"8";11,366948
1995;"GR";"8";2,704039
1999;"GR";"8";5,743365
2003;"GR";"8";0
2007;"GR";"8";0,564782
2011;"GR";"8";0
1971;"JU";"8";10,512078
1975;"JU";"8";15,990841
1979;"JU";"8";31,490485
1983;"JU";"8";26,397864
1987;"JU";"8";8,20685
1991;"JU";"8";0,095877
1995;"JU";"8";0,1059
1999;"JU";"8";0
2003;"JU";"8";0
2007;"JU";"8";11,102866
2011;"JU";"8";0
1971;"LU";"8";8,732272
1975;"LU";"8";5,616182
1979;"LU";"8";0,19154
1983;"LU";"8";0,321415
1987;"LU";"8";0,594516
1991;"LU";"8";0,39521
1995;"LU";"8";0,352974
1999;"LU";"8";1,613916
2003;"LU";"8";2,509864
2007;"LU";"8";1,000776
2011;"LU";"8";0,448635
1971;"NE";"8";5,376439
1975;"NE";"8";6,817773
1979;"NE";"8";7,878123
1983;"NE";"8";4,922168
1987;"NE";"8";4,501334
1991;"NE";"8";1,078692
1995;"NE";"8";3,207435
1999;"NE";"8";1,009404
2003;"NE";"8";0
2007;"NE";"8";1,839616
2011;"NE";"8";0
1971;"NW";"8";2,76937
1975;"NW";"8";2,402682
1979;"NW";"8";0,894021
1983;"NW";"8";2,845149
1987;"NW";"8";3,130308
1991;"NW";"8";2,312023
1995;"NW";"8";19,792091
1999;"NW";"8";1,553619
2003;"NW";"8";1,245651
2007;"NW";"8";0
2011;"NW";"8";0
1971;"OW";"8";0,500989
1975;"OW";"8";2,946526
1979;"OW";"8";4,275642
1983;"OW";"8";8,981876
1987;"OW";"8";17,830803
1991;"OW";"8";4,712845
1995;"OW";"8";2,092952
1999;"OW";"8";0
2003;"OW";"8";0,020743
2007;"OW";"8";22,980552
2011;"OW";"8";56,897985
1971;"SG";"8";7,354794
1975;"SG";"8";8,031756
1979;"SG";"8";8,241934
1983;"SG";"8";10,223334
1987;"SG";"8";10,288262
1991;"SG";"8";9,276284
1995;"SG";"8";7,480603
1999;"SG";"8";3,65028
2003;"SG";"8";1,26125
2007;"SG";"8";1,213582
2011;"SG";"8";0
1971;"SH";"8";12,195593
1975;"SH";"8";16,634632
1979;"SH";"8";0,932363
1983;"SH";"8";6,828457
1987;"SH";"8";0
1991;"SH";"8";0
1995;"SH";"8";1,391988
1999;"SH";"8";0
2003;"SH";"8";0
2007;"SH";"8";0
2011;"SH";"8";4,287559
1971;"SO";"8";7,16657
1975;"SO";"8";0,586228
1979;"SO";"8";0
1983;"SO";"8";4,838428
1987;"SO";"8";11,051234
1991;"SO";"8";7,636206
1995;"SO";"8";2,900894
1999;"SO";"8";1,254042
2003;"SO";"8";0
2007;"SO";"8";0
2011;"SO";"8";2,314888
1971;"SZ";"8";12,131086
1975;"SZ";"8";0
1979;"SZ";"8";0
1983;"SZ";"8";0
1987;"SZ";"8";12,015839
1991;"SZ";"8";12,749549
1995;"SZ";"8";1,34901
1999;"SZ";"8";1,398019
2003;"SZ";"8";0
2007;"SZ";"8";0
2011;"SZ";"8";1,944444
1971;"TG";"8";0
1975;"TG";"8";6,604188
1979;"TG";"8";5,682842
1983;"TG";"8";3,909109
1987;"TG";"8";8,585937
1991;"TG";"8";3,729562
1995;"TG";"8";1,942205
1999;"TG";"8";4,294953
2003;"TG";"8";0,702027
2007;"TG";"8";1,090623
2011;"TG";"8";0
1971;"TI";"8";0
1975;"TI";"8";0,23714
1979;"TI";"8";0
1983;"TI";"8";1,763436
1987;"TI";"8";1,428312
1991;"TI";"8";0,769998
1995;"TI";"8";0,946447
1999;"TI";"8";0,857886
2003;"TI";"8";1,290054
2007;"TI";"8";0,780386
2011;"TI";"8";3,388953
1971;"UR";"8";4,84029
1975;"UR";"8";5,364431
1979;"UR";"8";37,990389
1983;"UR";"8";15,316746
1987;"UR";"8";12,797503
1991;"UR";"8";6,848454
1995;"UR";"8";13,97972
1999;"UR";"8";18,335358
2003;"UR";"8";1,478743
2007;"UR";"8";12,740941
2011;"UR";"8";4,087058
1971;"VD";"8";4,111975
1975;"VD";"8";3,118513
1979;"VD";"8";3,685716
1983;"VD";"8";2,609492
1987;"VD";"8";2,739771
1991;"VD";"8";2,745776
1995;"VD";"8";3,065784
1999;"VD";"8";4,161829
2003;"VD";"8";0,484885
2007;"VD";"8";3,698143
2011;"VD";"8";1,575417
1971;"VS";"8";3,79581
1975;"VS";"8";3,973021
1979;"VS";"8";6,168638
1983;"VS";"8";3,22688
1987;"VS";"8";0,567722
1991;"VS";"8";0
1995;"VS";"8";0
1999;"VS";"8";0
2003;"VS";"8";0
2007;"VS";"8";2,904663
2011;"VS";"8";1,354335
1971;"ZG";"8";0
1975;"ZG";"8";1,830557
1979;"ZG";"8";2,231105
1983;"ZG";"8";3,794661
1987;"ZG";"8";1,297789
1991;"ZG";"8";6,745758
1995;"ZG";"8";7,818435
1999;"ZG";"8";3,26809
2003;"ZG";"8";0
2007;"ZG";"8";0
2011;"ZG";"8";0,737497
1971;"ZH";"8";18,504694
1975;"ZH";"8";17,785107
1979;"ZH";"8";12,718804
1983;"ZH";"8";11,483155
1987;"ZH";"8";12,430363
1991;"ZH";"8";9,36347
1995;"ZH";"8";6,335665
1999;"ZH";"8";5,301397
2003;"ZH";"8";2,238418
2007;"ZH";"8";0,421216
2011;"ZH";"8";3,29774
