"kt_id","jahr","dim","wert","anz_gultig","anz_stber"
"AG",1981,21,-6.15,80181,276837
"AG",1981,22,5.46,80181,276837
"AI",1981,21,-9.55,2506,8400
"AI",1981,22,13.83,2506,8400
"AR",1981,21,-4.63,11252,30641
"AR",1981,22,8.42,11252,30641
"BE",1981,21,-1.49,172524,602308
"BE",1981,22,1.54,172524,602308
"BL",1981,21,3.91,43850,146830
"BL",1981,22,-5.74,43850,146830
"BS",1981,21,4.84,40074,138921
"BS",1981,22,-11.72,40074,138921
"FR",1981,21,1.13,29091,117853
"FR",1981,22,0.44,29091,117853
"GE",1981,21,8.62,59234,184212
"GE",1981,22,-9.37,59234,184212
"GL",1981,21,-6.5,7740,22807
"GL",1981,22,5.32,7740,22807
"GR",1981,21,1.77,29500,103133
"GR",1981,22,1.93,29500,103133
"JU",1981,21,4.56,10356,41377
"JU",1981,22,-13.46,10356,41377
"LU",1981,21,-2.65,68833,187247
"LU",1981,22,2.92,68833,187247
"NE",1981,21,7.64,27801,97683
"NE",1981,22,-4.83,27801,97683
"NW",1981,21,-4.18,6762,19321
"NW",1981,22,7.23,6762,19321
"OW",1981,21,-6.34,5222,16482
"OW",1981,22,7.65,5222,16482
"SG",1981,21,-1.38,71398,236798
"SG",1981,22,5.06,71398,236798
"SH",1981,21,-2.05,27676,43577
"SH",1981,22,1.36,27676,43577
"SO",1981,21,-3.58,75046,140685
"SO",1981,22,0.01,75046,140685
"SZ",1981,21,-10.61,19879,60348
"SZ",1981,22,7.65,19879,60348
"TG",1981,21,-3.11,39847,108588
"TG",1981,22,7.94,39847,108588
"TI",1981,21,4,41778,154116
"TI",1981,22,-11.85,41778,154116
"UR",1981,21,-6.9,8288,21826
"UR",1981,22,0.15,8288,21826
"VD",1981,21,5.62,73863,314701
"VD",1981,22,-1.15,73863,314701
"VS",1981,21,-5.7,31527,139142
"VS",1981,22,7.53,31527,139142
"ZG",1981,21,0.67,20164,45559
"ZG",1981,22,4.11,20164,45559
"ZH",1981,21,2.01,268434,704408
"ZH",1981,22,-1.23,268434,704408
"AG",1982,21,-6.06,82695,281587
"AG",1982,22,5.61,82695,281587
"AI",1982,21,-9.25,2294,8551
"AI",1982,22,13.71,2294,8551
"AR",1982,21,-4.37,11298,31016
"AR",1982,22,8.25,11298,31016
"BE",1982,21,-1.55,213959,609379
"BE",1982,22,1.65,213959,609379
"BL",1982,21,3.91,46317,149403
"BL",1982,22,-5.59,46317,149403
"BS",1982,21,4.8,44732,138077
"BS",1982,22,-11.64,44732,138077
"FR",1982,21,1.04,27783,119873
"FR",1982,22,0.34,27783,119873
"GE",1982,21,8.53,46757,185394
"GE",1982,22,-9.62,46757,185394
"GL",1982,21,-6.13,9993,22899
"GL",1982,22,5.45,9993,22899
"GR",1982,21,1.78,30224,104662
"GR",1982,22,1.89,30224,104662
"JU",1982,21,4.03,9028,41775
"JU",1982,22,-13.43,9028,41775
"LU",1982,21,-2.53,62091,190443
"LU",1982,22,2.94,62091,190443
"NE",1982,21,7.57,30032,97551
"NE",1982,22,-4.96,30032,97551
"NW",1982,21,-3.92,6296,19821
"NW",1982,22,7.26,6296,19821
"OW",1982,21,-6.19,5765,16966
"OW",1982,22,7.68,5765,16966
"SG",1982,21,-1.3,74418,240424
"SG",1982,22,4.93,74418,240424
"SH",1982,21,-2.18,28268,44029
"SH",1982,22,1.3,28268,44029
"SO",1982,21,-3.63,54449,142367
"SO",1982,22,0.21,54449,142367
"SZ",1982,21,-10.36,19173,61485
"SZ",1982,22,7.64,19173,61485
"TG",1982,21,-3.18,43294,110586
"TG",1982,22,7.85,43294,110586
"TI",1982,21,3.93,48568,156550
"TI",1982,22,-11.95,48568,156550
"UR",1982,21,-6.82,8270,22134
"UR",1982,22,0.26,8270,22134
"VD",1982,21,5.68,98766,316723
"VD",1982,22,-1.15,98766,316723
"VS",1982,21,-5.47,28836,141648
"VS",1982,22,7.47,28836,141648
"ZG",1982,21,0.84,18115,46609
"ZG",1982,22,4.15,18115,46609
"ZH",1982,21,2,287741,710154
"ZH",1982,22,-1.31,287741,710154
"AG",1983,21,-5.93,88550,285770
"AG",1983,22,5.74,88550,285770
"AI",1983,21,-8.94,2855,8652
"AI",1983,22,13.61,2855,8652
"AR",1983,21,-4.15,11329,31344
"AR",1983,22,8.05,11329,31344
"BE",1983,21,-1.6,209134,615171
"BE",1983,22,1.75,209134,615171
"BL",1983,21,3.89,46368,151638
"BL",1983,22,-5.43,46368,151638
"BS",1983,21,4.75,44524,137493
"BS",1983,22,-11.55,44524,137493
"FR",1983,21,0.98,32417,121849
"FR",1983,22,0.23,32417,121849
"GE",1983,21,8.44,50430,186438
"GE",1983,22,-9.9,50430,186438
"GL",1983,21,-5.8,7532,22961
"GL",1983,22,5.54,7532,22961
"GR",1983,21,1.72,32370,106667
"GR",1983,22,1.86,32370,106667
"JU",1983,21,3.52,10015,42233
"JU",1983,22,-13.45,10015,42233
"LU",1983,21,-2.44,67813,192919
"LU",1983,22,2.98,67813,192919
"NE",1983,21,7.45,27771,97481
"NE",1983,22,-5.09,27771,97481
"NW",1983,21,-3.66,6990,20229
"NW",1983,22,7.3,6990,20229
"OW",1983,21,-6.06,5460,17244
"OW",1983,22,7.74,5460,17244
"SG",1983,21,-1.27,74362,243439
"SG",1983,22,4.79,74362,243439
"SH",1983,21,-2.32,28699,44412
"SH",1983,22,1.22,28699,44412
"SO",1983,21,-3.67,57917,143645
"SO",1983,22,0.4,57917,143645
"SZ",1983,21,-10.14,21188,62691
"SZ",1983,22,7.63,21188,62691
"TG",1983,21,-3.28,44266,112496
"TG",1983,22,7.75,44266,112496
"TI",1983,21,3.78,46699,158295
"TI",1983,22,-12.03,46699,158295
"UR",1983,21,-6.77,7840,22404
"UR",1983,22,0.41,7840,22404
"VD",1983,21,5.78,74713,319943
"VD",1983,22,-1.14,74713,319943
"VS",1983,21,-5.21,44342,144411
"VS",1983,22,7.41,44342,144411
"ZG",1983,21,0.99,19629,47466
"ZG",1983,22,4.16,19629,47466
"ZH",1983,21,1.99,296062,715746
"ZH",1983,22,-1.38,296062,715746
"AG",1984,21,-5.78,119848,290998
"AG",1984,22,5.88,119848,290998
"AI",1984,21,-8.67,3700,8786
"AI",1984,22,13.52,3700,8786
"AR",1984,21,-4,15214,31680
"AR",1984,22,7.82,15214,31680
"BE",1984,21,-1.6,262817,621936
"BE",1984,22,1.83,262817,621936
"BL",1984,21,3.84,71161,154458
"BL",1984,22,-5.28,71161,154458
"BS",1984,21,4.72,61338,136809
"BS",1984,22,-11.46,61338,136809
"FR",1984,21,0.97,46068,124083
"FR",1984,22,0.1,46068,124083
"GE",1984,21,8.39,68866,188889
"GE",1984,22,-10.18,68866,188889
"GL",1984,21,-5.53,10037,23205
"GL",1984,22,5.6,10037,23205
"GR",1984,21,1.57,42062,108074
"GR",1984,22,1.84,42062,108074
"JU",1984,21,3.09,14971,42521
"JU",1984,22,-13.51,14971,42521
"LU",1984,21,-2.39,87955,196200
"LU",1984,22,3.03,87955,196200
"NE",1984,21,7.3,41104,97832
"NE",1984,22,-5.21,41104,97832
"NW",1984,21,-3.43,9451,20758
"NW",1984,22,7.36,9451,20758
"OW",1984,21,-5.96,7436,17613
"OW",1984,22,7.84,7436,17613
"SG",1984,21,-1.3,103825,247159
"SG",1984,22,4.63,103825,247159
"SH",1984,21,-2.5,31474,44925
"SH",1984,22,1.14,31474,44925
"SO",1984,21,-3.7,69303,145401
"SO",1984,22,0.58,69303,145401
"SZ",1984,21,-9.98,27308,64058
"SZ",1984,22,7.63,27308,64058
"TG",1984,21,-3.46,50703,114502
"TG",1984,22,7.64,50703,114502
"TI",1984,21,3.46,62057,160768
"TI",1984,22,-12.07,62057,160768
"UR",1984,21,-6.8,9785,22696
"UR",1984,22,0.6,9785,22696
"VD",1984,21,5.94,118726,323407
"VD",1984,22,-1.12,118726,323407
"VS",1984,21,-4.91,71680,147598
"VS",1984,22,7.35,71680,147598
"ZG",1984,21,1.08,25728,48683
"ZG",1984,22,4.15,25728,48683
"ZH",1984,21,1.99,339663,721844
"ZH",1984,22,-1.43,339663,721844
"AG",1985,21,-5.57,104649,295293
"AG",1985,22,6.01,104649,295293
"AI",1985,21,-8.46,2965,8829
"AI",1985,22,13.46,2965,8829
"AR",1985,21,-3.95,12702,32028
"AR",1985,22,7.56,12702,32028
"BE",1985,21,-1.56,204614,626678
"BE",1985,22,1.89,204614,626678
"BL",1985,21,3.74,56495,156505
"BL",1985,22,-5.13,56495,156505
"BS",1985,21,4.67,49008,136274
"BS",1985,22,-11.36,49008,136274
"FR",1985,21,1.04,36567,125948
"FR",1985,22,-0.05,36567,125948
"GE",1985,21,8.35,53391,190794
"GE",1985,22,-10.46,53391,190794
"GL",1985,21,-5.33,8052,23193
"GL",1985,22,5.62,8052,23193
"GR",1985,21,1.33,33529,109162
"GR",1985,22,1.83,33529,109162
"JU",1985,21,2.78,12061,42892
"JU",1985,22,-13.61,12061,42892
"LU",1985,21,-2.39,74504,198917
"LU",1985,22,3.11,74504,198917
"NE",1985,21,7.12,28151,98149
"NE",1985,22,-5.32,28151,98149
"NW",1985,21,-3.24,7623,21174
"NW",1985,22,7.44,7623,21174
"OW",1985,21,-5.88,6216,17914
"OW",1985,22,7.97,6216,17914
"SG",1985,21,-1.42,84522,250221
"SG",1985,22,4.46,84522,250221
"SH",1985,21,-2.72,27720,45329
"SH",1985,22,1.05,27720,45329
"SO",1985,21,-3.72,73720,146539
"SO",1985,22,0.74,73720,146539
"SZ",1985,21,-9.89,22473,65325
"SZ",1985,22,7.63,22473,65325
"TG",1985,21,-3.69,44882,116214
"TG",1985,22,7.52,44882,116214
"TI",1985,21,2.93,47308,162806
"TI",1985,22,-12.05,47308,162806
"UR",1985,21,-6.9,8357,22913
"UR",1985,22,0.83,8357,22913
"VD",1985,21,6.18,81720,326079
"VD",1985,22,-1.1,81720,326079
"VS",1985,21,-4.55,51151,149842
"VS",1985,22,7.26,51151,149842
"ZG",1985,21,1.1,21793,49763
"ZG",1985,22,4.1,21793,49763
"ZH",1985,21,1.98,311418,727792
"ZH",1985,22,-1.46,311418,727792
"AG",1986,21,-5.31,104997,301460
"AG",1986,22,6.15,104997,301460
"AI",1986,21,-8.33,3477,8915
"AI",1986,22,13.39,3477,8915
"AR",1986,21,-4.02,14008,32334
"AR",1986,22,7.26,14008,32334
"BE",1986,21,-1.46,228680,632716
"BE",1986,22,1.91,228680,632716
"BL",1986,21,3.57,62729,159249
"BL",1986,22,-4.98,62729,159249
"BS",1986,21,4.63,48278,135340
"BS",1986,22,-11.25,48278,135340
"FR",1986,21,1.19,49262,128723
"FR",1986,22,-0.22,49262,128723
"GE",1986,21,8.35,50330,192417
"GE",1986,22,-10.72,50330,192417
"GL",1986,21,-5.22,8646,23393
"GL",1986,22,5.61,8646,23393
"GR",1986,21,0.96,33365,110793
"GR",1986,22,1.82,33365,110793
"JU",1986,21,2.62,14999,43382
"JU",1986,22,-13.74,14999,43382
"LU",1986,21,-2.46,82072,202238
"LU",1986,22,3.2,82072,202238
"NE",1986,21,6.92,29462,98815
"NE",1986,22,-5.4,29462,98815
"NW",1986,21,-3.12,8256,21785
"NW",1986,22,7.52,8256,21785
"OW",1986,21,-5.84,6489,18280
"OW",1986,22,8.12,6489,18280
"SG",1986,21,-1.64,93058,254578
"SG",1986,22,4.27,93058,254578
"SH",1986,21,-2.99,29502,45876
"SH",1986,22,0.97,29502,45876
"SO",1986,21,-3.75,66707,148479
"SO",1986,22,0.87,66707,148479
"SZ",1986,21,-9.89,24877,66972
"SZ",1986,22,7.61,24877,66972
"TG",1986,21,-4.01,51610,118264
"TG",1986,22,7.38,51610,118264
"TI",1986,21,2.17,44287,165731
"TI",1986,22,-11.96,44287,165731
"UR",1986,21,-7.09,9065,23162
"UR",1986,22,1.1,9065,23162
"VD",1986,21,6.5,91765,329486
"VD",1986,22,-1.07,91765,329486
"VS",1986,21,-4.12,43511,152693
"VS",1986,22,7.13,43511,152693
"ZG",1986,21,1.02,23126,51468
"ZG",1986,22,4.03,23126,51468
"ZH",1986,21,1.98,293983,735366
"ZH",1986,22,-1.45,293983,735366
"AG",1987,21,-5.04,122693,305307
"AG",1987,22,6.28,122693,305307
"AI",1987,21,-8.33,3842,8962
"AI",1987,22,13.3,3842,8962
"AR",1987,21,-4.22,14970,32460
"AR",1987,22,6.92,14970,32460
"BE",1987,21,-1.3,274217,635996
"BE",1987,22,1.88,274217,635996
"BL",1987,21,3.34,72111,160586
"BL",1987,22,-4.85,72111,160586
"BS",1987,21,4.59,62782,134313
"BS",1987,22,-11.14,62782,134313
"FR",1987,21,1.41,50504,130411
"FR",1987,22,-0.42,50504,130411
"GE",1987,21,8.42,73646,193384
"GE",1987,22,-10.96,73646,193384
"GL",1987,21,-5.24,9306,23483
"GL",1987,22,5.57,9306,23483
"GR",1987,21,0.5,39885,112094
"GR",1987,22,1.8,39885,112094
"JU",1987,21,2.64,19193,43591
"JU",1987,22,-13.91,19193,43591
"LU",1987,21,-2.58,95480,204491
"LU",1987,22,3.31,95480,204491
"NE",1987,21,6.72,38737,99068
"NE",1987,22,-5.47,38737,99068
"NW",1987,21,-3.1,10242,22035
"NW",1987,22,7.61,10242,22035
"OW",1987,21,-5.85,6977,18394
"OW",1987,22,8.28,6977,18394
"SG",1987,21,-1.95,104344,256590
"SG",1987,22,4.09,104344,256590
"SH",1987,21,-3.32,30590,46250
"SH",1987,22,0.89,30590,46250
"SO",1987,21,-3.77,78988,149345
"SO",1987,22,0.96,78988,149345
"SZ",1987,21,-10,29113,68078
"SZ",1987,22,7.57,29113,68078
"TG",1987,21,-4.4,55047,119835
"TG",1987,22,7.22,55047,119835
"TI",1987,21,1.21,89268,168134
"TI",1987,22,-11.78,89268,168134
"UR",1987,21,-7.39,10385,23286
"UR",1987,22,1.4,10385,23286
"VD",1987,21,6.89,119099,332371
"VD",1987,22,-1.07,119099,332371
"VS",1987,21,-3.66,53259,154729
"VS",1987,22,6.91,53259,154729
"ZG",1987,21,0.85,26605,52387
"ZG",1987,22,3.95,26605,52387
"ZH",1987,21,2,353929,739354
"ZH",1987,22,-1.39,353929,739354
"AG",1988,21,-4.77,129821,312085
"AG",1988,22,6.4,129821,312085
"AI",1988,21,-8.45,4423,9050
"AI",1988,22,13.2,4423,9050
"AR",1988,21,-4.49,17113,32836
"AR",1988,22,6.57,17113,32836
"BE",1988,21,-1.07,291110,640577
"BE",1988,22,1.81,291110,640577
"BL",1988,21,3.07,84615,162827
"BL",1988,22,-4.69,84615,162827
"BS",1988,21,4.56,63344,132091
"BS",1988,22,-10.96,63344,132091
"FR",1988,21,1.67,59897,133158
"FR",1988,22,-0.68,59897,133158
"GE",1988,21,8.55,84833,193747
"GE",1988,22,-11.16,84833,193747
"GL",1988,21,-5.34,11031,23614
"GL",1988,22,5.53,11031,23614
"GR",1988,21,-0.01,48225,112899
"GR",1988,22,1.78,48225,112899
"JU",1988,21,2.81,20586,43938
"JU",1988,22,-14.15,20586,43938
"LU",1988,21,-2.74,103116,207530
"LU",1988,22,3.46,103116,207530
"NE",1988,21,6.54,44320,99185
"NE",1988,22,-5.58,44320,99185
"NW",1988,21,-3.17,10821,22352
"NW",1988,22,7.73,10821,22352
"OW",1988,21,-5.88,8618,18687
"OW",1988,22,8.45,8618,18687
"SG",1988,21,-2.32,121095,259712
"SG",1988,22,3.94,121095,259712
"SH",1988,21,-3.67,31705,46483
"SH",1988,22,0.84,31705,46483
"SO",1988,21,-3.79,84008,151034
"SO",1988,22,1.02,84008,151034
"SZ",1988,21,-10.18,32211,69492
"SZ",1988,22,7.52,32211,69492
"TG",1988,21,-4.83,62517,122513
"TG",1988,22,7.05,62517,122513
"TI",1988,21,0.12,77108,170201
"TI",1988,22,-11.54,77108,170201
"UR",1988,21,-7.75,9887,23495
"UR",1988,22,1.72,9887,23495
"VD",1988,21,7.3,139276,335958
"VD",1988,22,-1.13,139276,335958
"VS",1988,21,-3.21,94317,157324
"VS",1988,22,6.53,94317,157324
"ZG",1988,21,0.63,32778,53370
"ZG",1988,22,3.87,32778,53370
"ZH",1988,21,2.03,381884,743875
"ZH",1988,22,-1.24,381884,743875
"AG",1989,21,-4.53,172368,316618
"AG",1989,22,6.49,172368,316618
"AI",1989,21,-8.68,5439,9145
"AI",1989,22,13.09,5439,9145
"AR",1989,21,-4.79,20299,33255
"AR",1989,22,6.22,20299,33255
"BE",1989,21,-0.83,377461,644836
"BE",1989,22,1.69,377461,644836
"BL",1989,21,2.8,95307,164442
"BL",1989,22,-4.5,95307,164442
"BS",1989,21,4.55,71908,131190
"BS",1989,22,-10.72,71908,131190
"FR",1989,21,1.91,76119,135668
"FR",1989,22,-0.99,76119,135668
"GE",1989,21,8.72,95023,193983
"GE",1989,22,-11.3,95023,193983
"GL",1989,21,-5.5,13334,23742
"GL",1989,22,5.5,13334,23742
"GR",1989,21,-0.48,62169,114134
"GR",1989,22,1.77,62169,114134
"JU",1989,21,3.06,23587,44137
"JU",1989,22,-14.42,23587,44137
"LU",1989,21,-2.91,132927,210106
"LU",1989,22,3.63,132927,210106
"NE",1989,21,6.38,51099,99315
"NE",1989,22,-5.72,51099,99315
"NW",1989,21,-3.31,13932,22751
"NW",1989,22,7.84,13932,22751
"OW",1989,21,-5.92,11298,18997
"OW",1989,22,8.61,11298,18997
"SG",1989,21,-2.7,157172,262404
"SG",1989,22,3.83,157172,262404
"SH",1989,21,-4.02,35014,46812
"SH",1989,22,0.83,35014,46812
"SO",1989,21,-3.8,107982,152621
"SO",1989,22,1.03,107982,152621
"SZ",1989,21,-10.39,40499,70860
"SZ",1989,22,7.44,40499,70860
"TG",1989,21,-5.26,77547,124623
"TG",1989,22,6.87,77547,124623
"TI",1989,21,-0.94,91842,172473
"TI",1989,22,-11.2,91842,172473
"UR",1989,21,-8.12,12966,23675
"UR",1989,22,2.04,12966,23675
"VD",1989,21,7.65,165636,338804
"VD",1989,22,-1.26,165636,338804
"VS",1989,21,-2.84,82988,159721
"VS",1989,22,5.97,82988,159721
"ZG",1989,21,0.39,36812,54136
"ZG",1989,22,3.82,36812,54136
"ZH",1989,21,2.07,447480,746030
"ZH",1989,22,-1.02,447480,746030
"AG",1990,21,-4.35,116129,318542
"AG",1990,22,6.53,116129,318542
"AI",1990,21,-8.97,3622,9195
"AI",1990,22,12.97,3622,9195
"AR",1990,21,-5.05,15233,33362
"AR",1990,22,5.92,15233,33362
"BE",1990,21,-0.58,242554,648374
"BE",1990,22,1.53,242554,648374
"BL",1990,21,2.56,71923,165070
"BL",1990,22,-4.21,71923,165070
"BS",1990,21,4.58,55568,130253
"BS",1990,22,-10.32,55568,130253
"FR",1990,21,2.09,51587,136819
"FR",1990,22,-1.39,51587,136819
"GE",1990,21,8.93,57073,193980
"GE",1990,22,-11.39,57073,193980
"GL",1990,21,-5.7,9085,23750
"GL",1990,22,5.51,9085,23750
"GR",1990,21,-0.87,41395,115196
"GR",1990,22,1.78,41395,115196
"JU",1990,21,3.31,13713,44346
"JU",1990,22,-14.76,13713,44346
"LU",1990,21,-3.04,88844,211496
"LU",1990,22,3.83,88844,211496
"NE",1990,21,6.24,38895,99280
"NE",1990,22,-5.96,38895,99280
"NW",1990,21,-3.49,11788,23059
"NW",1990,22,7.94,11788,23059
"OW",1990,21,-5.91,8739,19197
"OW",1990,22,8.72,8739,19197
"SG",1990,21,-3.06,103576,263962
"SG",1990,22,3.81,103576,263962
"SH",1990,21,-4.32,30595,46964
"SH",1990,22,0.86,30595,46964
"SO",1990,21,-3.82,84553,153386
"SO",1990,22,0.99,84553,153386
"SZ",1990,21,-10.58,27337,71627
"SZ",1990,22,7.35,27337,71627
"TG",1990,21,-5.66,54326,125808
"TG",1990,22,6.67,54326,125808
"TI",1990,21,-1.86,54487,173989
"TI",1990,22,-10.81,54487,173989
"UR",1990,21,-8.46,9134,23711
"UR",1990,22,2.31,9134,23711
"VD",1990,21,7.89,106090,340977
"VD",1990,22,-1.54,106090,340977
"VS",1990,21,-2.57,48122,161338
"VS",1990,22,5.11,48122,161338
"ZG",1990,21,0.19,29966,54494
"ZG",1990,22,3.81,29966,54494
"ZH",1990,21,2.12,341222,745898
"ZH",1990,22,-0.69,341222,745898
"AG",1991,21,-4.23,85830,326110
"AG",1991,22,6.51,85830,326110
"AI",1991,21,-9.27,2937,9436
"AI",1991,22,12.87,2937,9436
"AR",1991,21,-5.25,13385,34137
"AR",1991,22,5.71,13385,34137
"BE",1991,21,-0.37,175799,660524
"BE",1991,22,1.35,175799,660524
"BL",1991,21,2.38,61707,168137
"BL",1991,22,-3.8,61707,168137
"BS",1991,21,4.63,45994,130592
"BS",1991,22,-9.77,45994,130592
"FR",1991,21,2.19,52930,140839
"FR",1991,22,-1.85,52930,140839
"GE",1991,21,9.13,58173,196315
"GE",1991,22,-11.45,58173,196315
"GL",1991,21,-5.9,6950,24290
"GL",1991,22,5.58,6950,24290
"GR",1991,21,-1.15,29208,118098
"GR",1991,22,1.81,29208,118098
"JU",1991,21,3.5,12178,45508
"JU",1991,22,-15.16,12178,45508
"LU",1991,21,-3.13,85721,217287
"LU",1991,22,4.04,85721,217287
"NE",1991,21,6.1,27539,100809
"NE",1991,22,-6.36,27539,100809
"NW",1991,21,-3.68,7215,23889
"NW",1991,22,8.02,7215,23889
"OW",1991,21,-5.86,5918,19817
"OW",1991,22,8.79,5918,19817
"SG",1991,21,-3.35,90883,270424
"SG",1991,22,3.88,90883,270424
"SH",1991,21,-4.55,28579,47759
"SH",1991,22,0.94,28579,47759
"SO",1991,21,-3.82,66277,156985
"SO",1991,22,0.95,66277,156985
"SZ",1991,21,-10.71,21246,74168
"SZ",1991,22,7.26,21246,74168
"TG",1991,21,-6,50147,129445
"TG",1991,22,6.5,50147,129445
"TI",1991,21,-2.56,47621,178775
"TI",1991,22,-10.41,47621,178775
"UR",1991,21,-8.72,7641,24345
"UR",1991,22,2.51,7641,24345
"VD",1991,21,8.01,86225,348407
"VD",1991,22,-1.98,86225,348407
"VS",1991,21,-2.42,41573,165957
"VS",1991,22,4.01,41573,165957
"ZG",1991,21,0.05,20603,55934
"ZG",1991,22,3.88,20603,55934
"ZH",1991,21,2.17,269946,756505
"ZH",1991,22,-0.29,269946,756505
"AG",1992,21,-4.16,132070,334193
"AG",1992,22,6.44,132070,334193
"AI",1992,21,-9.54,4107,9724
"AI",1992,22,12.82,4107,9724
"AR",1992,21,-5.36,18347,35015
"AR",1992,22,5.62,18347,35015
"BE",1992,21,-0.18,298217,673943
"BE",1992,22,1.17,298217,673943
"BL",1992,21,2.26,80227,171374
"BL",1992,22,-3.25,80227,171374
"BS",1992,21,4.7,58779,130465
"BS",1992,22,-9.04,58779,130465
"FR",1992,21,2.21,51733,145535
"FR",1992,22,-2.4,51733,145535
"GE",1992,21,9.3,73724,199615
"GE",1992,22,-11.5,73724,199615
"GL",1992,21,-6.09,10559,24725
"GL",1992,22,5.7,10559,24725
"GR",1992,21,-1.33,47849,121623
"GR",1992,22,1.87,47849,121623
"JU",1992,21,3.6,19294,46922
"JU",1992,22,-15.61,19294,46922
"LU",1992,21,-3.17,100174,223456
"LU",1992,22,4.24,100174,223456
"NE",1992,21,5.95,37001,102934
"NE",1992,22,-6.95,37001,102934
"NW",1992,21,-3.87,11165,24651
"NW",1992,22,8.08,11165,24651
"OW",1992,21,-5.76,8777,20541
"OW",1992,22,8.79,8777,20541
"SG",1992,21,-3.59,124579,277330
"SG",1992,22,4.07,124579,277330
"SH",1992,21,-4.72,31061,48579
"SH",1992,22,1.06,31061,48579
"SO",1992,21,-3.81,83347,160730
"SO",1992,22,0.92,83347,160730
"SZ",1992,21,-10.77,33833,76804
"SZ",1992,22,7.21,33833,76804
"TG",1992,21,-6.28,58666,133306
"TG",1992,22,6.36,58666,133306
"TI",1992,21,-3.07,74309,184388
"TI",1992,22,-10.04,74309,184388
"UR",1992,21,-8.91,10924,25161
"UR",1992,22,2.62,10924,25161
"VD",1992,21,8.02,124463,356981
"VD",1992,22,-2.62,124463,356981
"VS",1992,21,-2.39,64242,172052
"VS",1992,22,2.62,64242,172052
"ZG",1992,21,-0.03,29806,57711
"ZG",1992,22,4.05,29806,57711
"ZH",1992,21,2.23,367170,765750
"ZH",1992,22,0.19,367170,765750
"AG",1993,21,-4.11,147485,337392
"AG",1993,22,6.31,147485,337392
"AI",1993,21,-9.77,4043,9839
"AI",1993,22,12.79,4043,9839
"AR",1993,21,-5.4,18493,35432
"AR",1993,22,5.62,18493,35432
"BE",1993,21,-0.02,318086,676308
"BE",1993,22,1.01,318086,676308
"BL",1993,21,2.2,87188,172011
"BL",1993,22,-2.57,87188,172011
"BS",1993,21,4.8,63809,129114
"BS",1993,22,-8.18,63809,129114
"FR",1993,21,2.16,60900,148049
"FR",1993,22,-2.97,60900,148049
"GE",1993,21,9.4,79641,198158
"GE",1993,22,-11.55,79641,198158
"GL",1993,21,-6.27,9735,24800
"GL",1993,22,5.86,9735,24800
"GR",1993,21,-1.45,42918,123024
"GR",1993,22,1.97,42918,123024
"JU",1993,21,3.59,19069,47299
"JU",1993,22,-16.06,19069,47299
"LU",1993,21,-3.15,97935,225514
"LU",1993,22,4.42,97935,225514
"NE",1993,21,5.74,41301,103617
"NE",1993,22,-7.67,41301,103617
"NW",1993,21,-4.03,11336,24991
"NW",1993,22,8.1,11336,24991
"OW",1993,21,-5.62,8220,20852
"OW",1993,22,8.72,8220,20852
"SG",1993,21,-3.77,127123,279317
"SG",1993,22,4.34,127123,279317
"SH",1993,21,-4.82,31670,48811
"SH",1993,22,1.19,31670,48811
"SO",1993,21,-3.75,85458,161909
"SO",1993,22,0.93,85458,161909
"SZ",1993,21,-10.75,30399,77988
"SZ",1993,22,7.18,30399,77988
"TG",1993,21,-6.5,61166,134936
"TG",1993,22,6.25,61166,134936
"TI",1993,21,-3.44,74133,186184
"TI",1993,22,-9.74,74133,186184
"UR",1993,21,-9.01,9604,25327
"UR",1993,22,2.64,9604,25327
"VD",1993,21,7.9,140480,360425
"VD",1993,22,-3.4,140480,360425
"VS",1993,21,-2.43,73364,174352
"VS",1993,22,1.14,73364,174352
"ZG",1993,21,-0.04,29328,58572
"ZG",1993,22,4.29,29328,58572
"ZH",1993,21,2.29,368226,769589
"ZH",1993,22,0.67,368226,769589
"AG",1994,21,-4.08,140575,339232
"AG",1994,22,6.18,140575,339232
"AI",1994,21,-9.92,3958,9835
"AI",1994,22,12.8,3958,9835
"AR",1994,21,-5.37,18194,35485
"AR",1994,22,5.7,18194,35485
"BE",1994,21,0.12,293937,675991
"BE",1994,22,0.89,293937,675991
"BL",1994,21,2.17,78017,172173
"BL",1994,22,-1.81,78017,172173
"BS",1994,21,4.9,62650,128072
"BS",1994,22,-7.27,62650,128072
"FR",1994,21,2.08,53074,149198
"FR",1994,22,-3.53,53074,149198
"GE",1994,21,9.41,74408,198328
"GE",1994,22,-11.63,74408,198328
"GL",1994,21,-6.45,10224,24751
"GL",1994,22,6.02,10224,24751
"GR",1994,21,-1.52,44164,123768
"GR",1994,22,2.09,44164,123768
"JU",1994,21,3.5,14707,47397
"JU",1994,22,-16.46,14707,47397
"LU",1994,21,-3.07,102112,226096
"LU",1994,22,4.57,102112,226096
"NE",1994,21,5.51,36109,104018
"NE",1994,22,-8.48,36109,104018
"NW",1994,21,-4.15,11534,25236
"NW",1994,22,8.12,11534,25236
"OW",1994,21,-5.43,8595,21014
"OW",1994,22,8.61,8595,21014
"SG",1994,21,-3.91,125453,279962
"SG",1994,22,4.67,125453,279962
"SH",1994,21,-4.86,31082,48712
"SH",1994,22,1.31,31082,48712
"SO",1994,21,-3.66,80609,162023
"SO",1994,22,1.01,80609,162023
"SZ",1994,21,-10.66,33353,78661
"SZ",1994,22,7.21,33353,78661
"TG",1994,21,-6.66,62575,135649
"TG",1994,22,6.19,62575,135649
"TI",1994,21,-3.71,74575,187091
"TI",1994,22,-9.51,74575,187091
"UR",1994,21,-9.02,12094,25404
"UR",1994,22,2.61,12094,25404
"VD",1994,21,7.68,118965,361040
"VD",1994,22,-4.28,118965,361040
"VS",1994,21,-2.53,70753,175581
"VS",1994,22,-0.32,70753,175581
"ZG",1994,21,0,29021,59100
"ZG",1994,22,4.59,29021,59100
"ZH",1994,21,2.34,356556,769841
"ZH",1994,22,1.12,356556,769841
"AG",1995,21,-4.04,115723,340980
"AG",1995,22,6.06,115723,340980
"AI",1995,21,-10.01,3698,9875
"AI",1995,22,12.81,3698,9875
"AR",1995,21,-5.29,16176,35489
"AR",1995,22,5.82,16176,35489
"BE",1995,21,0.26,258357,676055
"BE",1995,22,0.81,258357,676055
"BL",1995,21,2.18,66619,172523
"BL",1995,22,-1.06,66619,172523
"BS",1995,21,5.02,56142,126747
"BS",1995,22,-6.41,56142,126747
"FR",1995,21,1.97,51870,150718
"FR",1995,22,-4.03,51870,150718
"GE",1995,21,9.33,63018,199001
"GE",1995,22,-11.75,63018,199001
"GL",1995,21,-6.64,8985,24782
"GL",1995,22,6.15,8985,24782
"GR",1995,21,-1.59,37990,124728
"GR",1995,22,2.22,37990,124728
"JU",1995,21,3.33,17174,47745
"JU",1995,22,-16.78,17174,47745
"LU",1995,21,-2.95,95128,225231
"LU",1995,22,4.69,95128,225231
"NE",1995,21,5.24,33779,104141
"NE",1995,22,-9.29,33779,104141
"NW",1995,21,-4.25,12489,25437
"NW",1995,22,8.13,12489,25437
"OW",1995,21,-5.22,7541,21221
"OW",1995,22,8.48,7541,21221
"SG",1995,21,-4.03,108847,280554
"SG",1995,22,4.99,108847,280554
"SH",1995,21,-4.87,28681,48686
"SH",1995,22,1.39,28681,48686
"SO",1995,21,-3.51,68952,162422
"SO",1995,22,1.16,68952,162422
"SZ",1995,21,-10.52,26787,79412
"SZ",1995,22,7.3,26787,79412
"TG",1995,21,-6.76,59439,136584
"TG",1995,22,6.18,59439,136584
"TI",1995,21,-3.93,54275,187638
"TI",1995,22,-9.36,54275,187638
"UR",1995,21,-8.96,8737,25412
"UR",1995,22,2.56,8737,25412
"VD",1995,21,7.4,113137,362237
"VD",1995,22,-5.18,113137,362237
"VS",1995,21,-2.67,47592,176616
"VS",1995,22,-1.63,47592,176616
"ZG",1995,21,0.07,25427,59959
"ZG",1995,22,4.94,25427,59959
"ZH",1995,21,2.39,350406,771354
"ZH",1995,22,1.5,350406,771354
"AG",1996,21,-4,111102,343409
"AG",1996,22,5.96,111102,343409
"AI",1996,21,-10.04,2688,9890
"AI",1996,22,12.8,2688,9890
"AR",1996,21,-5.17,13308,35403
"AR",1996,22,5.93,13308,35403
"BE",1996,21,0.4,223218,675629
"BE",1996,22,0.74,223218,675629
"BL",1996,21,2.2,55043,173142
"BL",1996,22,-0.39,55043,173142
"BS",1996,21,5.13,55074,124588
"BS",1996,22,-5.68,55074,124588
"FR",1996,21,1.88,62902,152444
"FR",1996,22,-4.47,62902,152444
"GE",1996,21,9.13,69230,199774
"GE",1996,22,-11.87,69230,199774
"GL",1996,21,-6.85,8741,24711
"GL",1996,22,6.23,8741,24711
"GR",1996,21,-1.68,35253,125381
"GR",1996,22,2.35,35253,125381
"JU",1996,21,3.11,17300,47782
"JU",1996,22,-16.99,17300,47782
"LU",1996,21,-2.8,83823,225853
"LU",1996,22,4.79,83823,225853
"NE",1996,21,4.97,28308,104351
"NE",1996,22,-9.99,28308,104351
"NW",1996,21,-4.32,10378,25706
"NW",1996,22,8.18,10378,25706
"OW",1996,21,-5.01,6546,21473
"OW",1996,22,8.36,6546,21473
"SG",1996,21,-4.13,93875,281028
"SG",1996,22,5.29,93875,281028
"SH",1996,21,-4.84,26979,48587
"SH",1996,22,1.42,26979,48587
"SO",1996,21,-3.32,58246,163016
"SO",1996,22,1.36,58246,163016
"SZ",1996,21,-10.35,23571,80481
"SZ",1996,22,7.44,23571,80481
"TG",1996,21,-6.81,45678,137522
"TG",1996,22,6.21,45678,137522
"TI",1996,21,-4.15,57913,189190
"TI",1996,22,-9.26,57913,189190
"UR",1996,21,-8.84,9602,25361
"UR",1996,22,2.51,9602,25361
"VD",1996,21,7.08,90888,362920
"VD",1996,22,-6.03,90888,362920
"VS",1996,21,-2.83,50539,177957
"VS",1996,22,-2.7,50539,177957
"ZG",1996,21,0.17,22100,61111
"ZG",1996,22,5.31,22100,61111
"ZH",1996,21,2.42,269529,772679
"ZH",1996,22,1.79,269529,772679
"AG",1997,21,-3.94,119491,346060
"AG",1997,22,5.9,119491,346060
"AI",1997,21,-10.03,2929,9940
"AI",1997,22,12.74,2929,9940
"AR",1997,21,-5.03,17297,35505
"AR",1997,22,6.02,17297,35505
"BE",1997,21,0.55,229838,675256
"BE",1997,22,0.69,229838,675256
"BL",1997,21,2.22,68783,173776
"BL",1997,22,0.18,68783,173776
"BS",1997,21,5.22,55802,122312
"BS",1997,22,-5.11,55802,122312
"FR",1997,21,1.81,50608,154138
"FR",1997,22,-4.82,50608,154138
"GE",1997,21,8.82,79424,200286
"GE",1997,22,-11.98,79424,200286
"GL",1997,21,-7.09,7301,24703
"GL",1997,22,6.25,7301,24703
"GR",1997,21,-1.79,32495,126002
"GR",1997,22,2.45,32495,126002
"JU",1997,21,2.85,14206,47716
"JU",1997,22,-17.1,14206,47716
"LU",1997,21,-2.63,90385,226401
"LU",1997,22,4.88,90385,226401
"NE",1997,21,4.74,29728,104574
"NE",1997,22,-10.56,29728,104574
"NW",1997,21,-4.36,11301,26104
"NW",1997,22,8.26,11301,26104
"OW",1997,21,-4.81,6679,21731
"OW",1997,22,8.26,6679,21731
"SG",1997,21,-4.23,105575,281872
"SG",1997,22,5.53,105575,281872
"SH",1997,21,-4.79,27789,48432
"SH",1997,22,1.41,27789,48432
"SO",1997,21,-3.1,81131,163681
"SO",1997,22,1.59,81131,163681
"SZ",1997,21,-10.17,26848,81882
"SZ",1997,22,7.61,26848,81882
"TG",1997,21,-6.8,51947,138472
"TG",1997,22,6.27,51947,138472
"TI",1997,21,-4.42,51037,189516
"TI",1997,22,-9.19,51037,189516
"UR",1997,21,-8.68,8090,25416
"UR",1997,22,2.5,8090,25416
"VD",1997,21,6.77,103531,363340
"VD",1997,22,-6.77,103531,363340
"VS",1997,21,-3.02,78496,179705
"VS",1997,22,-3.53,78496,179705
"ZG",1997,21,0.26,25640,62199
"ZG",1997,22,5.68,25640,62199
"ZH",1997,21,2.46,308126,774890
"ZH",1997,22,2.01,308126,774890
"AG",1998,21,-3.88,144429,348551
"AG",1998,22,5.88,144429,348551
"AI",1998,21,-9.96,3764,9965
"AI",1998,22,12.64,3764,9965
"AR",1998,21,-4.87,17171,35528
"AR",1998,22,6.09,17171,35528
"BE",1998,21,0.71,281229,675498
"BE",1998,22,0.64,281229,675498
"BL",1998,21,2.22,74135,174726
"BL",1998,22,0.58,74135,174726
"BS",1998,21,5.28,61031,119766
"BS",1998,22,-4.74,61031,119766
"FR",1998,21,1.77,63220,155841
"FR",1998,22,-5.09,63220,155841
"GE",1998,21,8.42,90144,200816
"GE",1998,22,-12.04,90144,200816
"GL",1998,21,-7.33,10131,24644
"GL",1998,22,6.22,10131,24644
"GR",1998,21,-1.94,45703,126762
"GR",1998,22,2.52,45703,126762
"JU",1998,21,2.59,19749,47963
"JU",1998,22,-17.12,19749,47963
"LU",1998,21,-2.46,106484,227506
"LU",1998,22,4.96,106484,227506
"NE",1998,21,4.57,37457,104742
"NE",1998,22,-10.96,37457,104742
"NW",1998,21,-4.37,12205,26434
"NW",1998,22,8.39,12205,26434
"OW",1998,21,-4.65,10163,21962
"OW",1998,22,8.2,10163,21962
"SG",1998,21,-4.33,119505,282822
"SG",1998,22,5.71,119505,282822
"SH",1998,21,-4.74,29160,48448
"SH",1998,22,1.35,29160,48448
"SO",1998,21,-2.87,74815,163805
"SO",1998,22,1.83,74815,163805
"SZ",1998,21,-10,32425,83138
"SZ",1998,22,7.81,32425,83138
"TG",1998,21,-6.73,60490,139726
"TG",1998,22,6.35,60490,139726
"TI",1998,21,-4.75,64326,190664
"TI",1998,22,-9.12,64326,190664
"UR",1998,21,-8.5,10263,25479
"UR",1998,22,2.51,10263,25479
"VD",1998,21,6.51,133927,364852
"VD",1998,22,-7.38,133927,364852
"VS",1998,21,-3.18,70820,181331
"VS",1998,22,-4.1,70820,181331
"ZG",1998,21,0.33,28888,63407
"ZG",1998,22,6.04,28888,63407
"ZH",1998,21,2.48,334358,777878
"ZH",1998,22,2.15,334358,777878
"AG",1999,21,-3.81,137640,349498
"AG",1999,22,5.87,137640,349498
"AI",1999,21,-9.89,4008,9919
"AI",1999,22,12.52,4008,9919
"AR",1999,21,-4.71,17856,35531
"AR",1999,22,6.14,17856,35531
"BE",1999,21,0.87,277486,675423
"BE",1999,22,0.58,277486,675423
"BL",1999,21,2.19,75470,174932
"BL",1999,22,0.84,75470,174932
"BS",1999,21,5.3,59732,118442
"BS",1999,22,-4.54,59732,118442
"FR",1999,21,1.77,55128,156457
"FR",1999,22,-5.3,55128,156457
"GE",1999,21,7.98,83462,201331
"GE",1999,22,-12.06,83462,201331
"GL",1999,21,-7.56,9717,24560
"GL",1999,22,6.17,9717,24560
"GR",1999,21,-2.09,42967,127309
"GR",1999,22,2.56,42967,127309
"JU",1999,21,2.33,14515,47942
"JU",1999,22,-17.08,14515,47942
"LU",1999,21,-2.31,108430,227772
"LU",1999,22,5.03,108430,227772
"NE",1999,21,4.51,33230,104773
"NE",1999,22,-11.2,33230,104773
"NW",1999,21,-4.36,12259,26652
"NW",1999,22,8.55,12259,26652
"OW",1999,21,-4.54,10077,22018
"OW",1999,22,8.17,10077,22018
"SG",1999,21,-4.43,122657,283051
"SG",1999,22,5.84,122657,283051
"SH",1999,21,-4.7,28404,48232
"SH",1999,22,1.27,28404,48232
"SO",1999,21,-2.66,75719,163581
"SO",1999,22,2.04,75719,163581
"SZ",1999,21,-9.86,34108,83785
"SZ",1999,22,8.01,34108,83785
"TG",1999,21,-6.64,62546,140502
"TG",1999,22,6.44,62546,140502
"TI",1999,21,-5.13,68274,191890
"TI",1999,22,-9.04,68274,191890
"UR",1999,21,-8.32,9487,25440
"UR",1999,22,2.53,9487,25440
"VD",1999,21,6.35,114520,365393
"VD",1999,22,-7.86,114520,365393
"VS",1999,21,-3.34,50326,182278
"VS",1999,22,-4.48,50326,182278
"ZG",1999,21,0.37,29964,64010
"ZG",1999,22,6.39,29964,64010
"ZH",1999,21,2.49,342077,780439
"ZH",1999,22,2.25,342077,780439
"AG",2000,21,-3.74,139474,352891
"AG",2000,22,5.87,139474,352891
"AI",2000,21,-9.8,3655,10037
"AI",2000,22,12.36,3655,10037
"AR",2000,21,-4.54,17068,35641
"AR",2000,22,6.16,17068,35641
"BE",2000,21,1.03,290335,676340
"BE",2000,22,0.51,290335,676340
"BL",2000,21,2.13,74909,175828
"BL",2000,22,0.98,74909,175828
"BS",2000,21,5.29,60659,115799
"BS",2000,22,-4.48,60659,115799
"FR",2000,21,1.78,67007,158345
"FR",2000,22,-5.47,67007,158345
"GE",2000,21,7.54,96008,203205
"GE",2000,22,-12.01,96008,203205
"GL",2000,21,-7.76,9745,24570
"GL",2000,22,6.09,9745,24570
"GR",2000,21,-2.25,43794,127990
"GR",2000,22,2.59,43794,127990
"JU",2000,21,2.09,21009,47907
"JU",2000,22,-17,21009,47907
"LU",2000,21,-2.2,104100,229648
"LU",2000,22,5.1,104100,229648
"NE",2000,21,4.54,39784,104481
"NE",2000,22,-11.32,39784,104481
"NW",2000,21,-4.33,11764,27024
"NW",2000,22,8.73,11764,27024
"OW",2000,21,-4.48,9167,22240
"OW",2000,22,8.16,9167,22240
"SG",2000,21,-4.52,119117,284554
"SG",2000,22,5.93,119117,284554
"SH",2000,21,-4.67,28581,48045
"SH",2000,22,1.19,28581,48045
"SO",2000,21,-2.5,74254,163939
"SO",2000,22,2.21,74254,163939
"SZ",2000,21,-9.76,38583,85484
"SZ",2000,22,8.21,38583,85484
"TG",2000,21,-6.52,57501,142087
"TG",2000,22,6.54,57501,142087
"TI",2000,21,-5.55,68581,194149
"TI",2000,22,-8.93,68581,194149
"UR",2000,21,-8.17,10707,25457
"UR",2000,22,2.55,10707,25457
"VD",2000,21,6.3,132647,366561
"VD",2000,22,-8.22,132647,366561
"VS",2000,21,-3.45,66079,183850
"VS",2000,22,-4.73,66079,183850
"ZG",2000,21,0.36,30747,64814
"ZG",2000,22,6.71,30747,64814
"ZH",2000,21,2.5,349072,787304
"ZH",2000,22,2.33,349072,787304
"AG",2001,21,-3.67,139955,356048
"AG",2001,22,5.86,139955,356048
"AI",2001,21,-9.7,4531,10003
"AI",2001,22,12.19,4531,10003
"AR",2001,21,-4.39,17738,35697
"AR",2001,22,6.17,17738,35697
"BE",2001,21,1.16,289817,677756
"BE",2001,22,0.42,289817,677756
"BL",2001,21,2.03,77105,176599
"BL",2001,22,1,77105,176599
"BS",2001,21,5.24,58094,114454
"BS",2001,22,-4.55,58094,114454
"FR",2001,21,1.8,71143,160062
"FR",2001,22,-5.59,71143,160062
"GE",2001,21,7.16,94675,205798
"GE",2001,22,-11.88,94675,205798
"GL",2001,21,-7.91,10111,24598
"GL",2001,22,6.01,10111,24598
"GR",2001,21,-2.38,49048,128510
"GR",2001,22,2.61,49048,128510
"JU",2001,21,1.88,18464,47967
"JU",2001,22,-16.89,18464,47967
"LU",2001,21,-2.14,108730,231032
"LU",2001,22,5.16,108730,231032
"NE",2001,21,4.65,55322,104483
"NE",2001,22,-11.34,55322,104483
"NW",2001,21,-4.3,12936,27381
"NW",2001,22,8.93,12936,27381
"OW",2001,21,-4.47,10819,22462
"OW",2001,22,8.17,10819,22462
"SG",2001,21,-4.6,125064,286317
"SG",2001,22,5.97,125064,286317
"SH",2001,21,-4.65,28445,48047
"SH",2001,22,1.1,28445,48047
"SO",2001,21,-2.39,75477,164374
"SO",2001,22,2.33,75477,164374
"SZ",2001,21,-9.7,43333,86977
"SZ",2001,22,8.4,43333,86977
"TG",2001,21,-6.39,59357,143222
"TG",2001,22,6.63,59357,143222
"TI",2001,21,-5.99,67078,195778
"TI",2001,22,-8.77,67078,195778
"UR",2001,21,-8.06,10764,25440
"UR",2001,22,2.56,10764,25440
"VD",2001,21,6.34,129671,368512
"VD",2001,22,-8.47,129671,368512
"VS",2001,21,-3.53,69794,185177
"VS",2001,22,-4.86,69794,185177
"ZG",2001,21,0.32,32940,65494
"ZG",2001,22,7.02,32940,65494
"ZH",2001,21,2.5,356430,795202
"ZH",2001,22,2.4,356430,795202
"AG",2002,21,-3.61,157141,359643
"AG",2002,22,5.81,157141,359643
"AI",2002,21,-9.58,4743,10095
"AI",2002,22,12.03,4743,10095
"AR",2002,21,-4.24,19038,35788
"AR",2002,22,6.15,19038,35788
"BE",2002,21,1.26,306084,680794
"BE",2002,22,0.31,306084,680794
"BL",2002,21,1.91,85355,177553
"BL",2002,22,0.92,85355,177553
"BS",2002,21,5.17,62239,117494
"BS",2002,22,-4.73,62239,117494
"FR",2002,21,1.81,67492,161966
"FR",2002,22,-5.68,67492,161966
"GE",2002,21,6.85,107740,207625
"GE",2002,22,-11.67,107740,207625
"GL",2002,21,-8.01,11485,24739
"GL",2002,22,5.94,11485,24739
"GR",2002,21,-2.47,52275,128920
"GR",2002,22,2.65,52275,128920
"JU",2002,21,1.7,18672,48157
"JU",2002,22,-16.76,18672,48157
"LU",2002,21,-2.1,120676,232738
"LU",2002,22,5.21,120676,232738
"NE",2002,21,4.82,56933,104664
"NE",2002,22,-11.29,56933,104664
"NW",2002,21,-4.26,15568,27794
"NW",2002,22,9.16,15568,27794
"OW",2002,21,-4.5,10809,22708
"OW",2002,22,8.21,10809,22708
"SG",2002,21,-4.67,136665,289086
"SG",2002,22,5.97,136665,289086
"SH",2002,21,-4.64,30178,48113
"SH",2002,22,1.03,30178,48113
"SO",2002,21,-2.34,83431,165143
"SO",2002,22,2.39,83431,165143
"SZ",2002,21,-9.67,45738,88334
"SZ",2002,22,8.58,45738,88334
"TG",2002,21,-6.27,66887,144484
"TG",2002,22,6.72,66887,144484
"TI",2002,21,-6.45,70142,197569
"TI",2002,22,-8.55,70142,197569
"UR",2002,21,-7.97,10682,25458
"UR",2002,22,2.58,10682,25458
"VD",2002,21,6.47,170038,364645
"VD",2002,22,-8.62,170038,364645
"VS",2002,21,-3.55,67890,186862
"VS",2002,22,-4.88,67890,186862
"ZG",2002,21,0.25,36860,66328
"ZG",2002,22,7.3,36860,66328
"ZH",2002,21,2.5,403948,802549
"ZH",2002,22,2.46,403948,802549
"AG",2003,21,-3.56,152352,362535
"AG",2003,22,5.73,152352,362535
"AI",2003,21,-9.44,3977,10206
"AI",2003,22,11.88,3977,10206
"AR",2003,21,-4.09,18204,35927
"AR",2003,22,6.1,18204,35927
"BE",2003,21,1.32,294650,683425
"BE",2003,22,0.19,294650,683425
"BL",2003,21,1.77,80742,178148
"BL",2003,22,0.76,80742,178148
"BS",2003,21,5.09,58521,116739
"BS",2003,22,-4.97,58521,116739
"FR",2003,21,1.8,68616,163643
"FR",2003,22,-5.73,68616,163643
"GE",2003,21,6.62,96707,208624
"GE",2003,22,-11.37,96707,208624
"GL",2003,21,-8.02,10511,24867
"GL",2003,22,5.87,10511,24867
"GR",2003,21,-2.49,48086,129392
"GR",2003,22,2.72,48086,129392
"JU",2003,21,1.57,18702,48295
"JU",2003,22,-16.61,18702,48295
"LU",2003,21,-2.09,111769,234090
"LU",2003,22,5.25,111769,234090
"NE",2003,21,4.99,53646,104973
"NE",2003,22,-11.2,53646,104973
"NW",2003,21,-4.22,13670,28070
"NW",2003,22,9.4,13670,28070
"OW",2003,21,-4.53,10594,22857
"OW",2003,22,8.27,10594,22857
"SG",2003,21,-4.71,127760,290011
"SG",2003,22,5.93,127760,290011
"SH",2003,21,-4.63,29295,48000
"SH",2003,22,0.99,29295,48000
"SO",2003,21,-2.33,81909,165748
"SO",2003,22,2.38,81909,165748
"SZ",2003,21,-9.64,44900,89415
"SZ",2003,22,8.74,44900,89415
"TG",2003,21,-6.14,65064,145607
"TG",2003,22,6.78,65064,145607
"TI",2003,21,-6.87,65191,198328
"TI",2003,22,-8.25,65191,198328
"UR",2003,21,-7.88,11100,25533
"UR",2003,22,2.6,11100,25533
"VD",2003,21,6.64,168029,364686
"VD",2003,22,-8.69,168029,364686
"VS",2003,21,-3.52,64859,188492
"VS",2003,22,-4.82,64859,188492
"ZG",2003,21,0.16,34363,66616
"ZG",2003,22,7.57,34363,66616
"ZH",2003,21,2.49,380564,807945
"ZH",2003,22,2.52,380564,807945
"AG",2004,21,-3.51,159249,366443
"AG",2004,22,5.59,159249,366443
"AI",2004,21,-9.25,4238,10189
"AI",2004,22,11.73,4238,10189
"AR",2004,21,-3.94,19219,36097
"AR",2004,22,6,19219,36097
"BE",2004,21,1.34,307921,687528
"BE",2004,22,0.04,307921,687528
"BL",2004,21,1.61,85171,180091
"BL",2004,22,0.54,85171,180091
"BS",2004,21,4.98,59255,111065
"BS",2004,22,-5.28,59255,111065
"FR",2004,21,1.77,71181,166124
"FR",2004,22,-5.74,71181,166124
"GE",2004,21,6.46,109594,210894
"GE",2004,22,-11,109594,210894
"GL",2004,21,-7.95,10683,25026
"GL",2004,22,5.8,10683,25026
"GR",2004,21,-2.43,49938,130588
"GR",2004,22,2.83,49938,130588
"JU",2004,21,1.46,21757,48429
"JU",2004,22,-16.42,21757,48429
"LU",2004,21,-2.08,120782,236334
"LU",2004,22,5.29,120782,236334
"NE",2004,21,5.15,55609,105505
"NE",2004,22,-11.07,55609,105505
"NW",2004,21,-4.16,13971,28514
"NW",2004,22,9.64,13971,28514
"OW",2004,21,-4.54,10964,23046
"OW",2004,22,8.35,10964,23046
"SG",2004,21,-4.73,130822,292326
"SG",2004,22,5.84,130822,292326
"SH",2004,21,-4.62,28981,48101
"SH",2004,22,0.97,28981,48101
"SO",2004,21,-2.35,80079,166372
"SO",2004,22,2.31,80079,166372
"SZ",2004,21,-9.6,44336,90587
"SZ",2004,22,8.89,44336,90587
"TG",2004,21,-6.01,61415,147529
"TG",2004,22,6.8,61415,147529
"TI",2004,21,-7.25,81869,200062
"TI",2004,22,-7.85,81869,200062
"UR",2004,21,-7.78,11690,25551
"UR",2004,22,2.66,11690,25551
"VD",2004,21,6.81,174900,366776
"VD",2004,22,-8.67,174900,366776
"VS",2004,21,-3.41,72685,190861
"VS",2004,22,-4.64,72685,190861
"ZG",2004,21,0.09,37166,67908
"ZG",2004,22,7.81,37166,67908
"ZH",2004,21,2.47,391964,816193
"ZH",2004,22,2.55,391964,816193
"AG",2005,21,-3.45,177187,370950
"AG",2005,22,5.41,177187,370950
"AI",2005,21,-9,4917,10328
"AI",2005,22,11.57,4917,10328
"AR",2005,21,-3.78,19967,36375
"AR",2005,22,5.83,19967,36375
"BE",2005,21,1.32,311195,691997
"BE",2005,22,-0.11,311195,691997
"BL",2005,21,1.44,87227,181464
"BL",2005,22,0.3,87227,181464
"BS",2005,21,4.86,60345,109955
"BS",2005,22,-5.63,60345,109955
"FR",2005,21,1.7,81490,168738
"FR",2005,22,-5.68,81490,168738
"GE",2005,21,6.34,116839,211991
"GE",2005,22,-10.54,116839,211991
"GL",2005,21,-7.78,11163,25078
"GL",2005,22,5.74,11163,25078
"GR",2005,21,-2.29,57368,131116
"GR",2005,22,2.99,57368,131116
"JU",2005,21,1.38,22897,48747
"JU",2005,22,-16.16,22897,48747
"LU",2005,21,-2.04,129692,238605
"LU",2005,22,5.32,129692,238605
"NE",2005,21,5.24,58987,105997
"NE",2005,22,-10.91,58987,105997
"NW",2005,21,-4.07,14742,28902
"NW",2005,22,9.89,14742,28902
"OW",2005,21,-4.51,12044,23255
"OW",2005,22,8.46,12044,23255
"SG",2005,21,-4.73,143583,294766
"SG",2005,22,5.69,143583,294766
"SH",2005,21,-4.59,30737,48251
"SH",2005,22,0.97,30737,48251
"SO",2005,21,-2.39,81339,167322
"SO",2005,22,2.18,81339,167322
"SZ",2005,21,-9.52,48205,91557
"SZ",2005,22,9.01,48205,91557
"TG",2005,21,-5.88,71771,149242
"TG",2005,22,6.77,71771,149242
"TI",2005,21,-7.57,90462,201861
"TI",2005,22,-7.33,90462,201861
"UR",2005,21,-7.64,11456,25623
"UR",2005,22,2.77,11456,25623
"VD",2005,21,6.94,190511,369524
"VD",2005,22,-8.56,190511,369524
"VS",2005,21,-3.22,96610,192904
"VS",2005,22,-4.32,96610,192904
"ZG",2005,21,0.05,38843,68931
"ZG",2005,22,8.01,38843,68931
"ZH",2005,21,2.45,425282,824699
"ZH",2005,22,2.55,425282,824699
"AG",2006,21,-3.39,149932,375358
"AG",2006,22,5.18,149932,375358
"AI",2006,21,-8.71,3996,10493
"AI",2006,22,11.39,3996,10493
"AR",2006,21,-3.63,17241,36740
"AR",2006,22,5.6,17241,36740
"BE",2006,21,1.24,271640,696528
"BE",2006,22,-0.28,271640,696528
"BL",2006,21,1.26,78446,182697
"BL",2006,22,0.05,78446,182697
"BS",2006,21,4.73,53506,108688
"BS",2006,22,-6.01,53506,108688
"FR",2006,21,1.63,74507,171435
"FR",2006,22,-5.54,74507,171435
"GE",2006,21,6.27,105269,214054
"GE",2006,22,-10.02,105269,214054
"GL",2006,21,-7.51,10051,25260
"GL",2006,22,5.66,10051,25260
"GR",2006,21,-2.06,49201,131954
"GR",2006,22,3.2,49201,131954
"JU",2006,21,1.35,19178,49221
"JU",2006,22,-15.81,19178,49221
"LU",2006,21,-1.98,108664,240985
"LU",2006,22,5.33,108664,240985
"NE",2006,21,5.27,50758,106674
"NE",2006,22,-10.73,50758,106674
"NW",2006,21,-3.95,12749,29220
"NW",2006,22,10.11,12749,29220
"OW",2006,21,-4.45,10018,23606
"OW",2006,22,8.57,10018,23606
"SG",2006,21,-4.7,125095,297301
"SG",2006,22,5.48,125095,297301
"SH",2006,21,-4.57,28492,48444
"SH",2006,22,1.01,28492,48444
"SO",2006,21,-2.43,73266,168160
"SO",2006,22,2.01,73266,168160
"SZ",2006,21,-9.4,43354,92773
"SZ",2006,22,9.12,43354,92773
"TG",2006,21,-5.74,61916,151358
"TG",2006,22,6.67,61916,151358
"TI",2006,21,-7.8,83198,203087
"TI",2006,22,-6.68,83198,203087
"UR",2006,21,-7.46,9291,25641
"UR",2006,22,2.97,9291,25641
"VD",2006,21,7.05,176668,372980
"VD",2006,22,-8.38,176668,372980
"VS",2006,21,-2.93,82900,194819
"VS",2006,22,-3.85,82900,194819
"ZG",2006,21,0.04,33838,69638
"ZG",2006,22,8.16,33838,69638
"ZH",2006,21,2.41,373722,833305
"ZH",2006,22,2.49,373722,833305
"AG",2007,21,-3.32,131832,377912
"AG",2007,22,4.92,131832,377912
"AI",2007,21,-8.35,3731,10591
"AI",2007,22,11.18,3731,10591
"AR",2007,21,-3.49,15374,36898
"AR",2007,22,5.3,15374,36898
"BE",2007,21,1.12,247299,698872
"BE",2007,22,-0.45,247299,698872
"BL",2007,21,1.06,67485,183456
"BL",2007,22,-0.17,67485,183456
"BS",2007,21,4.58,53115,108362
"BS",2007,22,-6.41,53115,108362
"FR",2007,21,1.53,69895,172598
"FR",2007,22,-5.34,69895,172598
"GE",2007,21,6.19,106098,215900
"GE",2007,22,-9.48,106098,215900
"GL",2007,21,-7.14,8972,25392
"GL",2007,22,5.56,8972,25392
"GR",2007,21,-1.74,47245,132290
"GR",2007,22,3.45,47245,132290
"JU",2007,21,1.33,21514,49390
"JU",2007,22,-15.4,21514,49390
"LU",2007,21,-1.87,103153,242535
"LU",2007,22,5.31,103153,242535
"NE",2007,21,5.22,54961,106827
"NE",2007,22,-10.52,54961,106827
"NW",2007,21,-3.77,11588,29462
"NW",2007,22,10.31,11588,29462
"OW",2007,21,-4.32,9610,23798
"OW",2007,22,8.7,9610,23798
"SG",2007,21,-4.64,117195,298584
"SG",2007,22,5.22,117195,298584
"SH",2007,21,-4.54,28643,48596
"SH",2007,22,1.06,28643,48596
"SO",2007,21,-2.47,62205,168606
"SO",2007,22,1.82,62205,168606
"SZ",2007,21,-9.22,37781,93510
"SZ",2007,22,9.2,37781,93510
"TG",2007,21,-5.58,56506,152250
"TG",2007,22,6.51,56506,152250
"TI",2007,21,-7.96,81875,204216
"TI",2007,22,-5.94,81875,204216
"UR",2007,21,-7.21,8019,25652
"UR",2007,22,3.27,8019,25652
"VD",2007,21,7.09,187419,375571
"VD",2007,22,-8.12,187419,375571
"VS",2007,21,-2.55,89205,196107
"VS",2007,22,-3.23,89205,196107
"ZG",2007,21,0.08,32794,70017
"ZG",2007,22,8.25,32794,70017
"ZH",2007,21,2.35,328552,839712
"ZH",2007,22,2.34,328552,839712
"AG",2008,21,-3.24,156712,383905
"AG",2008,22,4.65,156712,383905
"AI",2008,21,-8,3770,10742
"AI",2008,22,10.96,3770,10742
"AR",2008,21,-3.38,16474,37129
"AR",2008,22,4.96,16474,37129
"BE",2008,21,0.95,279622,702754
"BE",2008,22,-0.6,279622,702754
"BL",2008,21,0.86,80648,184643
"BL",2008,22,-0.34,80648,184643
"BS",2008,21,4.43,52774,107920
"BS",2008,22,-6.81,52774,107920
"FR",2008,21,1.44,75977,176319
"FR",2008,22,-5.07,75977,176319
"GE",2008,21,6.11,105191,218018
"GE",2008,22,-8.96,105191,218018
"GL",2008,21,-6.7,9328,25609
"GL",2008,22,5.45,9328,25609
"GR",2008,21,-1.36,52661,132958
"GR",2008,22,3.7,52661,132958
"JU",2008,21,1.34,21536,49737
"JU",2008,22,-14.92,21536,49737
"LU",2008,21,-1.73,111272,246303
"LU",2008,22,5.26,111272,246303
"NE",2008,21,5.1,49316,107423
"NE",2008,22,-10.3,49316,107423
"NW",2008,21,-3.56,13494,29764
"NW",2008,22,10.45,13494,29764
"OW",2008,21,-4.16,10835,24143
"OW",2008,22,8.81,10835,24143
"SG",2008,21,-4.57,125671,301965
"SG",2008,22,4.93,125671,301965
"SH",2008,21,-4.52,27692,48814
"SH",2008,22,1.13,27692,48814
"SO",2008,21,-2.5,72479,169563
"SO",2008,22,1.65,72479,169563
"SZ",2008,21,-8.98,41953,95167
"SZ",2008,22,9.26,41953,95167
"TG",2008,21,-5.42,60546,154514
"TG",2008,22,6.29,60546,154514
"TI",2008,21,-8.01,83052,206703
"TI",2008,22,-5.13,83052,206703
"UR",2008,21,-6.93,9142,25740
"UR",2008,22,3.65,9142,25740
"VD",2008,21,7.08,186958,381788
"VD",2008,22,-7.81,186958,381788
"VS",2008,21,-2.09,98854,198183
"VS",2008,22,-2.5,98854,198183
"ZG",2008,21,0.17,33944,70765
"ZG",2008,22,8.27,33944,70765
"ZH",2008,21,2.28,387677,851314
"ZH",2008,22,2.12,387677,851314
"AG",2009,21,-3.16,172150,388671
"AG",2009,22,4.42,172150,388671
"AI",2009,21,-7.65,4248,10850
"AI",2009,22,10.72,4248,10850
"AR",2009,21,-3.3,18363,37366
"AR",2009,22,4.61,18363,37366
"BE",2009,21,0.76,303550,706180
"BE",2009,22,-0.72,303550,706180
"BL",2009,21,0.65,83319,185567
"BL",2009,22,-0.45,83319,185567
"BS",2009,21,4.27,54386,107733
"BS",2009,22,-7.17,54386,107733
"FR",2009,21,1.35,76262,179220
"FR",2009,22,-4.77,76262,179220
"GE",2009,21,6.01,107727,218326
"GE",2009,22,-8.5,107727,218326
"GL",2009,21,-6.21,10265,25728
"GL",2009,22,5.33,10265,25728
"GR",2009,21,-0.95,50954,133756
"GR",2009,22,3.94,50954,133756
"JU",2009,21,1.37,19272,49955
"JU",2009,22,-14.42,19272,49955
"LU",2009,21,-1.57,112148,249522
"LU",2009,22,5.16,112148,249522
"NE",2009,21,4.92,50384,108223
"NE",2009,22,-10.07,50384,108223
"NW",2009,21,-3.32,13968,29986
"NW",2009,22,10.54,13968,29986
"OW",2009,21,-3.97,11474,24551
"OW",2009,22,8.91,11474,24551
"SG",2009,21,-4.5,135406,304846
"SG",2009,22,4.64,135406,304846
"SH",2009,21,-4.51,29576,48954
"SH",2009,22,1.21,29576,48954
"SO",2009,21,-2.51,80631,170432
"SO",2009,22,1.51,80631,170432
"SZ",2009,21,-8.69,43377,96200
"SZ",2009,22,9.31,43377,96200
"TG",2009,21,-5.27,70470,156589
"TG",2009,22,6.04,70470,156589
"TI",2009,21,-7.97,84219,208820
"TI",2009,22,-4.34,84219,208820
"UR",2009,21,-6.64,11648,25929
"UR",2009,22,4.08,11648,25929
"VD",2009,21,7.03,181520,386584
"VD",2009,22,-7.48,181520,386584
"VS",2009,21,-1.56,97048,200046
"VS",2009,22,-1.74,97048,200046
"ZG",2009,21,0.29,37003,70825
"ZG",2009,22,8.22,37003,70825
"ZH",2009,21,2.21,389208,861531
"ZH",2009,22,1.84,389208,861531
"AG",2010,21,-3.07,172408,387230
"AG",2010,22,4.22,172408,387230
"AI",2010,21,-7.37,4405,11017
"AI",2010,22,10.48,4405,11017
"AR",2010,21,-3.26,18389,37425
"AR",2010,22,4.29,18389,37425
"BE",2010,21,0.53,314634,709582
"BE",2010,22,-0.8,314634,709582
"BL",2010,21,0.45,84355,186038
"BL",2010,22,-0.48,84355,186038
"BS",2010,21,4.14,55861,107694
"BS",2010,22,-7.48,55861,107694
"FR",2010,21,1.27,81721,181877
"FR",2010,22,-4.48,81721,181877
"GE",2010,21,5.91,108522,219291
"GE",2010,22,-8.11,108522,219291
"GL",2010,21,-5.71,10248,25844
"GL",2010,22,5.2,10248,25844
"GR",2010,21,-0.55,52326,134567
"GR",2010,22,4.14,52326,134567
"JU",2010,21,1.4,20637,50358
"JU",2010,22,-13.95,20637,50358
"LU",2010,21,-1.41,119831,252552
"LU",2010,22,5.01,119831,252552
"NE",2010,21,4.72,50877,109386
"NE",2010,22,-9.85,50877,109386
"NW",2010,21,-3.1,16286,30132
"NW",2010,22,10.57,16286,30132
"OW",2010,21,-3.8,13039,24933
"OW",2010,22,8.98,13039,24933
"SG",2010,21,-4.43,138862,301357
"SG",2010,22,4.37,138862,301357
"SH",2010,21,-4.53,29050,49230
"SH",2010,22,1.29,29050,49230
"SO",2010,21,-2.52,80946,171262
"SO",2010,22,1.41,80946,171262
"SZ",2010,21,-8.39,47278,97095
"SZ",2010,22,9.35,47278,97095
"TG",2010,21,-5.15,69213,156911
"TG",2010,22,5.78,69213,156911
"TI",2010,21,-7.85,87997,210192
"TI",2010,22,-3.62,87997,210192
"UR",2010,21,-6.37,11214,25703
"UR",2010,22,4.51,11214,25703
"VD",2010,21,6.95,192601,391125
"VD",2010,22,-7.15,192601,391125
"VS",2010,21,-1.02,102226,202401
"VS",2010,22,-0.99,102226,202401
"ZG",2010,21,0.42,36510,71217
"ZG",2010,22,8.12,36510,71217
"ZH",2010,21,2.13,414150,869455
"ZH",2010,22,1.53,414150,869455
"AG",2011,21,-2.99,180640,389637
"AG",2011,22,4.07,180640,389637
"AI",2011,21,-7.19,4819,11016
"AI",2011,22,10.27,4819,11016
"AR",2011,21,-3.28,19283,37459
"AR",2011,22,4.02,19283,37459
"BE",2011,21,0.31,374091,711214
"BE",2011,22,-0.85,374091,711214
"BL",2011,21,0.28,91488,186188
"BL",2011,22,-0.47,91488,186188
"BS",2011,21,4.06,53035,107426
"BS",2011,22,-7.74,53035,107426
"FR",2011,21,1.21,84698,183402
"FR",2011,22,-4.21,84698,183402
"GE",2011,21,5.81,105510,220096
"GE",2011,22,-7.83,105510,220096
"GL",2011,21,-5.26,10820,25991
"GL",2011,22,5.1,10820,25991
"GR",2011,21,-0.2,58784,135061
"GR",2011,22,4.31,58784,135061
"JU",2011,21,1.45,19669,50391
"JU",2011,22,-13.54,19669,50391
"LU",2011,21,-1.28,126567,254105
"LU",2011,22,4.85,126567,254105
"NE",2011,21,4.52,51044,109519
"NE",2011,22,-9.66,51044,109519
"NW",2011,21,-2.9,15644,30265
"NW",2011,22,10.58,15644,30265
"OW",2011,21,-3.67,13236,25117
"OW",2011,22,9.03,13236,25117
"SG",2011,21,-4.38,145002,303114
"SG",2011,22,4.14,145002,303114
"SH",2011,21,-4.59,30657,49494
"SH",2011,22,1.35,30657,49494
"SO",2011,21,-2.52,83365,172059
"SO",2011,22,1.36,83365,172059
"SZ",2011,21,-8.1,50001,97849
"SZ",2011,22,9.39,50001,97849
"TG",2011,21,-5.07,76440,156757
"TG",2011,22,5.55,76440,156757
"TI",2011,21,-7.7,92102,210816
"TI",2011,22,-2.99,92102,210816
"UR",2011,21,-6.16,11086,25705
"UR",2011,22,4.93,11086,25705
"VD",2011,21,6.88,194582,393074
"VD",2011,22,-6.85,194582,393074
"VS",2011,21,-0.5,101369,203893
"VS",2011,22,-0.32,101369,203893
"ZG",2011,21,0.56,38316,71663
"ZG",2011,22,7.99,38316,71663
"ZH",2011,21,2.06,425140,873069
"ZH",2011,22,1.21,425140,873069
"AG",2012,21,-2.93,140518,394486
"AG",2012,22,3.97,140518,394486
"AI",2012,21,-7.1,3573,11124
"AI",2012,22,10.11,3573,11124
"AR",2012,21,-3.34,15619,37750
"AR",2012,22,3.8,15619,37750
"BE",2012,21,0.09,268435,718298
"BE",2012,22,-0.87,268435,718298
"BL",2012,21,0.13,72482,186597
"BL",2012,22,-0.44,72482,186597
"BS",2012,21,4.01,46906,83180
"BS",2012,22,-7.94,46906,83180
"FR",2012,21,1.16,72273,185658
"FR",2012,22,-3.97,72273,185658
"GE",2012,21,5.71,103069,221526
"GE",2012,22,-7.63,103069,221526
"GL",2012,21,-4.88,7557,26063
"GL",2012,22,5.02,7557,26063
"GR",2012,21,0.09,49578,135579
"GR",2012,22,4.42,49578,135579
"JU",2012,21,1.48,17105,50774
"JU",2012,22,-13.21,17105,50774
"LU",2012,21,-1.18,108934,258165
"LU",2012,22,4.66,108934,258165
"NE",2012,21,4.36,47206,109841
"NE",2012,22,-9.5,47206,109841
"NW",2012,21,-2.74,13057,30481
"NW",2012,22,10.58,13057,30481
"OW",2012,21,-3.61,11514,25354
"OW",2012,22,9.07,11514,25354
"SG",2012,21,-4.34,125886,305917
"SG",2012,22,3.96,125886,305917
"SH",2012,21,-4.68,28295,50216
"SH",2012,22,1.4,28295,50216
"SO",2012,21,-2.52,65610,174042
"SO",2012,22,1.34,65610,174042
"SZ",2012,21,-7.85,44672,98821
"SZ",2012,22,9.43,44672,98821
"TG",2012,21,-5.02,59656,159220
"TG",2012,22,5.34,59656,159220
"TI",2012,21,-7.54,83453,212814
"TI",2012,22,-2.51,83453,212814
"UR",2012,21,-6.02,9784,25761
"UR",2012,22,5.3,9784,25761
"VD",2012,21,6.83,172614,397850
"VD",2012,22,-6.59,172614,397850
"VS",2012,21,-0.02,94891,203935
"VS",2012,22,0.26,94891,203935
"ZG",2012,21,0.67,32860,72323
"ZG",2012,22,7.85,32860,72323
"ZH",2012,21,2,354775,882422
"ZH",2012,22,0.92,354775,882422
"AG",2013,21,-2.88,180693,398492
"AG",2013,22,3.91,180693,398492
"AI",2013,21,-7.13,4490,11139
"AI",2013,22,9.98,4490,11139
"AR",2013,21,-3.43,18928,37899
"AR",2013,22,3.62,18928,37899
"BE",2013,21,-0.1,320607,721848
"BE",2013,22,-0.86,320607,721848
"BL",2013,21,0.02,83317,186660
"BL",2013,22,-0.4,83317,186660
"BS",2013,21,4.03,53310,107102
"BS",2013,22,-8.12,53310,107102
"FR",2013,21,1.14,84721,185953
"FR",2013,22,-3.78,84721,185953
"GE",2013,21,5.66,105946,222552
"GE",2013,22,-7.49,105946,222552
"GL",2013,21,-4.61,9820,26085
"GL",2013,22,4.96,9820,26085
"GR",2013,21,0.3,62800,136078
"GR",2013,22,4.51,62800,136078
"JU",2013,21,1.52,22221,51261
"JU",2013,22,-12.94,22221,51261
"LU",2013,21,-1.13,124906,261233
"LU",2013,22,4.47,124906,261233
"NE",2013,21,4.26,49287,110376
"NE",2013,22,-9.37,49287,110376
"NW",2013,21,-2.66,15145,30588
"NW",2013,22,10.59,15145,30588
"OW",2013,21,-3.61,12747,25678
"OW",2013,22,9.1,12747,25678
"SG",2013,21,-4.35,138560,307979
"SG",2013,22,3.82,138560,307979
"SH",2013,21,-4.79,30613,50561
"SH",2013,22,1.43,30613,50561
"SO",2013,21,-2.52,82147,175377
"SO",2013,22,1.34,82147,175377
"SZ",2013,21,-7.67,50047,100010
"SZ",2013,22,9.48,50047,100010
"TG",2013,21,-5.03,69731,161174
"TG",2013,22,5.16,69731,161174
"TI",2013,21,-7.38,93931,215033
"TI",2013,22,-2.11,93931,215033
"UR",2013,21,-5.95,10823,25821
"UR",2013,22,5.63,10823,25821
"VD",2013,21,6.82,188071,401530
"VD",2013,22,-6.37,188071,401530
"VS",2013,21,0.37,112126,206670
"VS",2013,22,0.74,112126,206670
"ZG",2013,21,0.76,37991,72820
"ZG",2013,22,7.71,37991,72820
"ZH",2013,21,1.95,422166,888675
"ZH",2013,22,0.65,422166,888675
"AG",2014,21,-2.87,206499,401853
"AG",2014,22,3.87,206499,401853
"AI",2014,21,-7.24,5259,11171
"AI",2014,22,9.9,5259,11171
"AR",2014,21,-3.54,20352,38237
"AR",2014,22,3.49,20352,38237
"BE",2014,21,-0.26,361330,725283
"BE",2014,22,-0.82,361330,725283
"BL",2014,21,-0.06,97784,187344
"BL",2014,22,-0.36,97784,187344
"BS",2014,21,4.1,59726,106880
"BS",2014,22,-8.24,59726,106880
"FR",2014,21,1.12,98581,188336
"FR",2014,22,-3.63,98581,188336
"GE",2014,21,5.65,122852,222961
"GE",2014,22,-7.42,122852,222961
"GL",2014,21,-4.43,11718,26201
"GL",2014,22,4.94,11718,26201
"GR",2014,21,0.44,65610,136487
"GR",2014,22,4.57,65610,136487
"JU",2014,21,1.57,24525,51681
"JU",2014,22,-12.76,24525,51681
"LU",2014,21,-1.12,140046,263701
"LU",2014,22,4.31,140046,263701
"NE",2014,21,4.22,56425,110777
"NE",2014,22,-9.29,56425,110777
"NW",2014,21,-2.64,16810,30658
"NW",2014,22,10.62,16810,30658
"OW",2014,21,-3.67,14080,25935
"OW",2014,22,9.14,14080,25935
"SG",2014,21,-4.37,157693,309858
"SG",2014,22,3.72,157693,309858
"SH",2014,21,-4.92,33428,50721
"SH",2014,22,1.43,33428,50721
"SO",2014,21,-2.53,88239,176196
"SO",2014,22,1.35,88239,176196
"SZ",2014,21,-7.56,55708,101041
"SZ",2014,22,9.53,55708,101041
"TG",2014,21,-5.08,79333,162666
"TG",2014,22,5.03,79333,162666
"TI",2014,21,-7.28,111751,216698
"TI",2014,22,-1.86,111751,216698
"UR",2014,21,-5.95,11720,25869
"UR",2014,22,5.91,11720,25869
"VD",2014,21,6.84,223453,405766
"VD",2014,22,-6.2,223453,405766
"VS",2014,21,0.67,118466,208652
"VS",2014,22,1.12,118466,208652
"ZG",2014,21,0.83,42749,73568
"ZG",2014,22,7.6,42749,73568
"ZH",2014,21,1.93,473049,895979
"ZH",2014,22,0.42,473049,895979
